,,JADWAL PERKULIAHAN SEMESTER PENDEK  T.A 23/24,,,,,,,,,,,,.,,,,,,,,,,,,,,,,,,,,,,,,,,,,,,,,,,,,,,,
,,,,,,,,,,,,,,,,,,,,,,,,,,,,,,,,,,,,,,,,,,,,,,,,,,,,,
,,Senin,,,,,,,,,,,Selasa,,,,,,,,,,Rabu,,,,,,,,,,Kamis,,,,,,,,,,Jumat,,,,,,,,,,
Sesi,WAKTU,Kode MK,MK,,D1,D2,D3,,I1,I2,Grup,Luring,Kode MK,MK,,D1,D2,D3,I1,I2,Grup,Luring,Kode MK,MK,,D1,D2,D3,I1,I2,Grup,Luring,Kode MK,MK,,D1, D2,D3,I1,I2,Grup,Luring,Kode MK,MK,,D1,D2,D3,I1,I2,Grup,Luring,
1,08.00 - 08.50,,,,,,,,,,,,,,,,,,,,,,,,,,,,,,,,,,,,,,,,,,,,,,,,,,,,
1,08.00 - 08.50,1041103,AOK,T,FST,-,-,,-,-,41TRPL3,GD524,1141290,PA I,T,ADS,-,-,-,-,41TRPL3,GD524,,,,,,,,,41TRPL3,,1041103,AOK,P,FST,-,-,-,-,41TRPL3,GD524,1141205,PBD,P,OPH,-,-,-,-,41TRPL3,GD524,
1,08.00 - 08.50,MAS1201,MADAS II,T,ARS,-,-,,-,-,11IF1,GD923,MAS1201,MADAS II,T,ARS,-,-,-,-,11IF1,GD923,,,,-,-,-,-,-,11IF1,,MAS1201,MADAS II,T,ARS,-,-,-,-,11IF1,GD923,,,,-,-,-,-,-,11IF1,,
1,08.00 - 08.50,MAS1201,MADAS II,T,ARS,-,-,,-,-,11IF2,GD923,MAS1201,MADAS II,T,ARS,-,-,-,-,11IF2,GD923,,,,-,-,-,-,-,11IF2,,MAS1201,MADAS II,T,ARS,-,-,-,-,11IF2,GD923,,,,-,-,-,-,-,11IF2,,
1,08.00 - 08.50,MAS1201,MADAS II,T,ARS,-,-,,-,-,11SI1,GD923,MAS1201,MADAS II,T,ARS,-,-,-,-,11SI1,GD923,MAS1101,MADAS I,T,JUN,JAS,-,-,-,11SI1,GD923,MAS1201,MADAS II,T,ARS,-,-,-,-,11SI1,GD923,MAS1101,MADAS I,T,JUN,JAS,-,-,-,11SI1,GD923,
1,08.00 - 08.50,MAS1201,MADAS II,T,ARS,-,-,,-,-,11SI2,GD923,MAS1201,MADAS II,T,ARS,-,-,-,-,11SI2,GD923,MAS1101,MADAS I,T,JUN,JAS,-,-,-,11SI2,GD923,MAS1201,MADAS II,T,ARS,-,-,-,-,11SI2,GD923,MAS1101,MADAS I,T,JUN,JAS,-,-,-,11SI2,GD923,
1,08.00 - 08.50,MAS1201,MADAS II,T,ARS,-,-,,-,-,11TE1,GD923,MAS1201,MADAS II,T,ARS,-,-,-,-,11TE1,GD923,MAS1101,MADAS I,T,AMP,SML,-,-,-,11TE1,GD924,MAS1201,MADAS II,T,ARS,-,-,-,-,11TE1,GD923,MAS1101,MADAS I,T,AMP,SML,-,-,-,11TE1,GD924,
1,08.00 - 08.50,MAS1201,MADAS II,T,ARS,-,-,,-,-,11TE2,GD923,MAS1201,MADAS II,T,ARS,-,-,-,-,11TE2,GD923,MAS1101,MADAS I,T,AMP,SML,-,-,-,11TE2,GD924,MAS1201,MADAS II,T,ARS,-,-,-,-,11TE2,GD923,MAS1101,MADAS I,T,AMP,SML,-,-,-,11TE2,GD924,
1,08.00 - 08.50,MAS1201,MADAS II,T,REG,-,-,,-,-,11MR1,GD924,MAS1201,MADAS II,T,REG,-,-,-,-,11MR1,GD924,MAS1101,MADAS I,T,JUN,JAS,-,-,-,11MR1,GD923,MAS1201,MADAS II,T,REG,-,-,-,-,11MR1,GD924,MAS1101,MADAS I,T,JUN,JAS,-,-,-,11MR1,GD923,
1,08.00 - 08.50,MAS1201,MADAS II,T,REG,-,-,,-,-,11MR2,GD924,MAS1201,MADAS II,T,REG,-,-,-,-,11MR2,GD924,MAS1101,MADAS I,T,JUN,JAS,-,-,-,11MR2,GD923,MAS1201,MADAS II,T,REG,-,-,-,-,11MR2,GD924,MAS1101,MADAS I,T,JUN,JAS,-,-,-,11MR2,GD923,
1,08.00 - 08.50,MAS1201,MADAS II,T,REG,-,-,,-,-,11TB,GD924,MAS1201,MADAS II,T,REG,-,-,-,-,11TB,GD924,MAS1101,MADAS I,T,JUN,JAS,-,-,-,11TB,GD923,MAS1201,MADAS II,T,REG,-,-,-,-,11TB,GD924,MAS1101,MADAS I,T,JUN,SML,AMP/JAS,-,-,11TB,GD923,
1,08.00 - 08.50,MAS1202,MADAS II,T,REG,-,-,,-,-,11TM,GD924,MAS1202,MADAS II,T,REG,-,-,-,-,11TM,GD924,MAS1102,MADAS I,T,AMP,SML,-,-,-,11TM,GD924,MAS1202,MADAS II,T,REG,-,-,-,-,11TM,GD924,MAS1102,MADAS I,T,AMP,SML,-,-,-,11TM,GD924,
,,,,,,,,,,,,,,,,,,,,,,,,,,,,,,,,,,,,,,,,,,,,,,,,,,,,,
1,08.00 - 08.50,,,,-,-,-,,-,-,12IF1,,,,,-,-,-,-,-,12IF1,,,,,-,-,-,-,-,12IF1,,,,,-,-,-,,-,12IF1,,,,,-,-,-,-,-,12IF1,,
1,08.00 - 08.50,,,,-,-,-,,-,-,12IF2,,,,,-,-,-,-,-,12IF2,,,,,-,-,-,-,-,12IF2,,,,,-,-,-,-,-,12IF2,,,,,-,-,-,-,-,12IF2,,
1,08.00 - 08.50,,,,-,-,-,,-,-,12SI1,,,,,-,-,-,-,-,12SI1,,,,,-,-,-,-,-,12SI1,,,,,-,-,-,-,-,12SI1,,,,,-,-,-,-,-,12SI1,,
1,08.00 - 08.50,,,,-,-,-,,-,-,12SI2,,,,,-,-,-,-,-,12SI2,,,,,-,-,-,-,-,12SI2,,,,,-,-,-,-,-,12SI2,,,,,-,-,-,-,-,12SI2,,
1,08.00 - 08.50,,,,-,-,-,,-,-,12TE1,,,,,-,-,-,-,-,12TE1,,,,,-,-,-,-,-,12TE1,,,,,-,-,-,-,-,12TE1,,,,,-,-,-,-,-,12TE1,,
1,08.00 - 08.50,,,,-,-,-,,-,-,12TE2,,,,,-,-,-,-,-,12TE2,,,,,-,-,-,-,-,12TE2,,,,,-,-,-,-,-,12TE2,,,,,-,-,-,-,-,12TE2,,
1,08.00 - 08.50,,,,-,-,-,,-,-,12MR1,,,,,-,-,-,-,-,12MR1,,,,,-,-,-,-,-,12MR1,,,,,-,-,-,,-,12MR1,,,,,-,-,-,-,-,12MR1,,
1,08.00 - 08.50,,,,-,-,-,,-,-,12MR2,,,,,-,-,-,-,-,12MR2,,,,,-,-,-,-,-,12MR2,,,,,-,-,-,-,-,12MR2,,,,,-,-,-,-,-,12MR2,,
1,08.00 - 08.50,,,,-,-,-,,-,-,12TB,GD934,,,,-,-,-,-,-,12TB,,,,,-,-,-,-,-,12TB,,,,,-,-,-,-,-,12TB,,,,T,-,-,-,-,-,12TB,,
,,,,,,,,,,,,,,,,,,,,,,,,,,,,,,,,,,,,,,,,,,,,,,,,,,,,,
1,08.00 - 08.50,1144290,TA II,T,AMS,-,-,,-,-,44TRPL3,GD516,1144290,TA II,P,AMS,-,-,-,-,44TRPL3,GD516,1144290,TA II,T,AMS,-,-,-,-,44TRPL3,GD516,1144290,TA II,P,AMS,-,-,-,-,44TRPL3,GD516,1144290,TA II,P,AMS,-,-,-,-,44TRPL3,GD516,
1,08.00 - 08.50,,,,-,-,-,,-,-,13IF1,,,,,-,-,-,-,-,13IF1,,,,,-,-,-,-,-,13IF1,,,,,-,-,-,-,-,13IF1,,,,,-,-,-,-,-,13IF1,,
1,08.00 - 08.50,,,,-,-,-,,-,-,13IF2,,,,,-,-,-,-,-,13IF2,,,,,-,-,-,-,-,13IF2,,,,,-,-,-,-,-,13IF2,,,,,-,-,-,-,-,13IF2,,
1,08.00 - 08.50,,,,-,-,-,,-,-,13SI1,,,,,-,-,-,-,-,13SI1,,,,,-,-,-,-,-,13SI1,,,,,-,-,-,,-,13SI1,,,,,-,-,-,-,-,13SI1,,
1,08.00 - 08.50,,,,-,-,-,,-,-,13SI2,,,,,-,-,-,-,-,13SI2,,,,,-,-,-,-,-,13SI2,,,,,-,-,-,-,-,13SI2,,,,,-,-,-,-,-,13SI2,,
1,08.00 - 08.50,,,,-,-,-,,-,-,13TE1,,,,,-,-,-,-,-,13TE1,,,,,-,-,-,-,-,13TE1,,,,,-,-,-,-,-,13TE1,,,,,-,-,-,-,-,13TE1,,
1,08.00 - 08.50,,,,-,-,-,,-,-,13TE2,,,,,-,-,-,-,-,13TE2,,,,,-,-,-,-,-,13TE2,,,,,-,-,-,-,-,13TE2,,,,,-,-,-,-,-,13TE2,,
1,08.00 - 08.50,,,,-,-,-,,-,-,13MR1,,,,,-,-,-,-,-,13MR1,,,,,-,-,-,-,-,13MR1,,,,,-,-,-,-,-,13MR1,,,,,-,-,-,-,-,13MR1,,
1,08.00 - 08.50,,,,-,-,-,,-,-,13MR2,,,,,-,-,-,-,-,13MR2,,,,,-,-,-,-,-,13MR2,,,,,-,-,-,-,-,13MR2,,,,,-,-,-,-,-,13MR2,,
1,08.00 - 08.50,,,,-,-,-,,-,-,13TB,,,,,-,-,-,-,-,13TB,,31S3104,FENOPOR,T,MMK,-,-,-,-,13TB,GD933,,,,-,-,-,,-,13TB,,,,,-,-,-,-,-,13TB,,
,,,,,,,,,,,,,,,,,,,,,,,,,,,,,,,,,,,,,,,,,,,,,,,,,,,,,
2,09.00 - 09.50,1141205,PBD,T,OPH,-,-,,-,-,41TRPL3,GD524,TI41101,INDIG,T,RIS,-,-,-,-,41TRPL3,GD524,1141205,PBD,T,OPH,-,-,-,-,41TRPL3,GD524,1041103,AOK,P,FST,-,-,-,-,41TRPL3,GD524,1141205,PBD,P,OPH,-,-,-,-,41TRPL3,GD524,
2,09.00 - 09.50,MAS1201,MADAS II,T,ARS,-,-,,-,-,11IF1,GD923,MAS1201,MADAS II,T,ARS,-,-,-,-,11IF1,GD923,MAS1101,MADAS I,T,JUN,SML,AMP/JAS,-,-,11IF1,GD923,MAS1201,MADAS II,T,ARS,-,-,-,-,11IF1,GD923,,,,-,-,-,-,-,11IF1,,
2,09.00 - 09.50,MAS1201,MADAS II,T,ARS,-,-,,-,-,11IF2,GD923,MAS1201,MADAS II,T,ARS,-,-,-,-,11IF2,GD923,MAS1101,MADAS I,T,JUN,SML,AMP/JAS,-,-,11IF2,GD923,MAS1201,MADAS II,T,ARS,-,-,-,-,11IF2,GD923,,,,-,-,-,-,-,11IF2,,
2,09.00 - 09.50,MAS1201,MADAS II,T,ARS,-,-,,-,-,11SI1,GD923,MAS1201,MADAS II,T,ARS,-,-,-,-,11SI1,GD923,MAS1101,MADAS I,T,JUN,JAS,-,-,-,11SI1,GD923,MAS1201,MADAS II,T,ARS,-,-,-,-,11SI1,GD923,MAS1101,MADAS I,T,JUN,JAS,-,-,-,11SI1,GD923,
2,09.00 - 09.50,MAS1201,MADAS II,T,ARS,-,-,,-,-,11SI2,GD923,MAS1201,MADAS II,T,ARS,-,-,-,-,11SI2,GD923,MAS1101,MADAS I,T,JUN,JAS,-,-,-,11SI2,GD923,MAS1201,MADAS II,T,ARS,-,-,-,-,11SI2,GD923,MAS1101,MADAS I,T,JUN,JAS,-,-,-,11SI2,GD923,
2,09.00 - 09.50,MAS1201,MADAS II,T,ARS,-,-,,-,-,11TE1,GD923,MAS1201,MADAS II,T,ARS,-,-,-,-,11TE1,GD923,MAS1101,MADAS I,T,AMP,SML,-,-,-,11TE1,GD925,MAS1201,MADAS II,T,ARS,-,-,-,-,11TE1,GD923,MAS1101,MADAS I,T,AMP,SML,-,-,-,11TE1,GD924,
2,09.00 - 09.50,MAS1201,MADAS II,T,ARS,-,-,,-,-,11TE2,GD923,MAS1201,MADAS II,T,ARS,-,-,-,-,11TE2,GD923,MAS1101,MADAS I,T,AMP,SML,-,-,-,11TE2,GD925,MAS1201,MADAS II,T,ARS,-,-,-,-,11TE2,GD923,MAS1101,MADAS I,T,AMP,SML,-,-,-,11TE2,GD924,
2,09.00 - 09.50,MAS1201,MADAS II,T,REG,-,-,,-,-,11MR1,GD924,MAS1201,MADAS II,T,REG,-,-,-,-,11MR1,GD924,MAS1101,MADAS I,T,JUN,JAS,-,-,-,11MR1,GD923,MAS1201,MADAS II,T,REG,-,-,-,-,11MR1,GD924,MAS1101,MADAS I,T,JUN,JAS,-,-,-,11MR1,GD923,
2,09.00 - 09.50,MAS1201,MADAS II,T,REG,-,-,,-,-,11MR2,GD924,MAS1201,MADAS II,T,REG,-,-,-,-,11MR2,GD924,MAS1101,MADAS I,T,JUN,JAS,-,-,-,11MR2,GD923,MAS1201,MADAS II,T,REG,-,-,-,-,11MR2,GD924,MAS1101,MADAS I,T,JUN,JAS,-,-,-,11MR2,GD923,
2,09.00 - 09.50,MAS1201,MADAS II,T,REG,-,-,,-,-,11TB,GD924,MAS1201,MADAS II,T,REG,-,-,-,-,11TB,GD924,MAS1101,MADAS I,T,JUN,JAS,-,-,-,11TB,GD925,MAS1201,MADAS II,T,REG,-,-,-,-,11TB,GD924,MAS1101,MADAS I,T,JUN,JAS,-,,,11TB,GD923,
,,MAS1202,MADAS II,T,REG,-,-,,-,-,11TM,GD924,MAS1202,MADAS II,T,REG,-,-,-,-,11TM,GD924,MAS1102,MADAS I,T,AMP,SML,-,-,-,11TM,GD925,MAS1202,MADAS II,T,REG,-,-,-,-,11TM,GD924,MAS1102,MADAS I,T,AMP,SML,-,-,-,11TM,GD924,
,,,,,,,,,,,,,,,,,,,,,,,,,,,,,,,,,,,,,,,,,,,,,,,,,,,,,
2,09.00 - 09.50,,,,-,-,-,,-,-,12IF1,,,,,-,-,-,-,-,12IF1,,,,,-,-,-,-,-,12IF1,,,,,-,-,-,-,-,12IF1,,,,,-,-,-,-,-,12IF1,,
2,09.00 - 09.50,,,,-,-,-,,-,-,12IF2,,,,,-,-,-,-,-,12IF2,,,,,-,-,-,-,-,12IF2,,,,,-,-,-,-,-,12IF2,,,,,-,-,-,-,-,12IF2,,
2,09.00 - 09.50,,,,-,-,-,,-,-,12SI1,,,,,-,-,-,-,-,12SI1,,,,,-,-,-,-,-,12SI1,,,,,-,-,-,-,-,12SI1,,,,,-,-,-,-,-,,,
2,09.00 - 09.50,,,,-,-,-,,-,-,12SI2,,,,,-,-,-,-,-,12SI2,,,,,-,-,-,-,-,12SI2,,,,,-,-,-,-,-,12SI2,,,,,-,-,-,-,-,,,
2,09.00 - 09.50,,,,-,-,-,,-,-,12TE1,,,,,-,-,-,-,-,12TE1,,,,,-,-,-,-,-,12TE1,,,,,-,-,-,-,-,12TE1,,,,,-,-,-,-,-,12TE1,,
2,09.00 - 09.50,,,,-,-,-,,-,-,12TE2,,,,,-,-,-,-,-,12TE2,,,,,-,-,-,-,-,12TE2,,,,,-,-,-,-,-,12TE2,,,,,-,-,-,-,-,12TE2,,
2,09.00 - 09.50,,,,-,-,-,,-,-,12MR1,,,,,-,-,-,-,-,12MR1,,,,,-,-,-,-,-,12MR1,,,,,-,-,-,-,-,12MR1,,,,,-,-,-,-,-,12MR1,,
2,09.00 - 09.50,,,,-,-,-,,-,-,12MR2,,,,,-,-,-,-,-,12MR2,,,,,-,-,-,-,-,12MR2,,,,,-,-,-,-,-,12MR2,,,,,-,-,-,-,-,12MR2,,
2,09.00 - 09.50,,,,-,-,-,,-,-,12TB,,,,,-,-,-,-,-,12TB,,,,,-,-,-,-,-,12TB,,,,,-,-,-,-,-,12TB,,,,T,-,-,-,-,-,12TB,,
,,,,,,,,,,,,,,,,,,,,,,,,,,,,,,,,,,,,,,,,,,,,,,,,,,,,,
2,09.00 - 09.50,,,,-,-,-,,-,-,44TRPL3,,1144290,TA II,P,AMS,-,-,-,-,44TRPL3,GD516,,,,-,-,-,-,-,44TRPL3,,1144290,TA II,P,AMS,-,-,-,-,44TRPL3,GD516,1144290,TA II,P,AMS,-,-,-,-,44TRPL3,GD516,
2,09.00 - 09.50,,,,-,-,-,,-,-,13IF1,,,,,-,-,-,-,-,13IF1,,,,,-,-,-,-,-,13IF1,,,,,-,-,-,-,-,13IF1,,,,,-,-,-,-,-,13IF1,,
2,09.00 - 09.50,,,,-,-,-,,-,-,13IF2,,,,,-,-,-,-,-,13IF2,,,,,-,-,-,-,-,13IF2,,,,,-,-,-,-,-,13IF2,,,,,-,-,-,-,-,13IF2,,
2,09.00 - 09.50,,,,-,-,-,,-,-,13SI1,,,,,-,-,-,-,-,13SI1,,,,,-,-,-,-,-,13SI1,,,,,-,-,-,-,-,13SI1,,,,,-,-,-,-,-,13SI1,,
2,09.00 - 09.50,,,,-,-,-,,-,-,13SI2,,,,,-,-,-,-,-,13SI2,,,,,-,-,-,-,-,13SI2,,,,,-,-,-,-,-,13SI2,,,,,-,-,-,-,-,13SI2,,
2,09.00 - 09.50,14S3121,IMM,T,GPS,-,-,,-,-,13TE1,GD929,14S3121,IMM,T,GPS,-,-,-,-,13TE1,GD929,14S3121,IMM,T,GPS,-,-,-,-,13TE1,GD929,,,,-,-,-,-,-,13TE1,,,,,-,-,-,-,-,13TE1,,
2,09.00 - 09.50,14S3121,IMM,T,GPS,-,-,,-,-,13TE2,GD929,14S3121,IMM,T,GPS,-,-,-,-,13TE2,GD929,14S3121,IMM,T,GPS,-,-,-,-,13TE2,GD929,,,,-,-,-,-,-,13TE2,,,,,-,-,-,-,-,13TE2,,
2,09.00 - 09.50,,,,-,-,-,,-,-,13MR1,,,,,-,-,-,-,-,13MR1,,,,,-,-,-,-,-,13MR1,,,,,-,-,-,-,-,13MR1,,,,,-,-,-,-,-,13MR1,,
2,09.00 - 09.50,,,,-,-,-,,-,-,13MR2,,,,,-,-,-,-,-,13MR2,,,,,-,-,-,-,-,13MR2,,,,,-,-,-,-,-,13MR2,,,,,-,-,-,-,-,13MR2,,
2,09.00 - 09.50,,,,-,-,-,,-,-,13TB,,,,,-,-,-,-,-,13TB,,31S3104,FENOPOR,T,MMK,-,-,-,-,13TB,GD933,,,,-,-,-,-,-,13TB,,,,,-,-,-,-,-,13TB,,
,,,,,,,,,,,,,,,,,,,,,,,,,,,,,,,,,,,,,,,,,,,,,,,,,,,,,
3,10.00 - 10.50,TI41101,INDIG,T,RIS,-,-,,-,-,41TRPL3,GD524,1041103,AOK,P,FST,-,-,-,-,41TRPL3,GD524,1141290,PA I,P,ADS,-,-,-,-,41TRPL3,GD524,1141290,PA I,P,ADS,-,-,-,-,41TRPL3,GD524,1141290,PA I,P,ADS,-,-,-,-,41TRPL3,GD524,
3,10.00 - 10.50,,,,-,-,-,,-,-,11IF1,,,,,-,-,-,-,-,11IF1,,MAS1201,MADAS II,T,ARS,-,-,-,-,11IF1,GD923,,,,-,-,-,-,-,11IF1,,,,,-,-,-,-,-,11IF1,,
3,10.00 - 10.50,,,,-,-,-,,-,-,11IF2,,,,,-,-,-,-,-,11IF2,,MAS1201,MADAS II,T,ARS,-,-,-,-,11IF2,GD923,,,,-,-,-,-,-,11IF2,,,,,-,-,-,-,-,11IF2,,
3,10.00 - 10.50,MAS1101,MADAS I,T,JUN,JAS,-,,-,-,11SI1,GD923,MAS1101,MADAS I,T,JUN,JAS,-,-,-,11SI1,GD923,MAS1201,MADAS II,T,ARS,-,-,-,-,11SI1,GD923,,,,-,-,-,-,-,11SI1,,,,,-,-,-,-,-,11SI1,,
3,10.00 - 10.50,MAS1101,MADAS I,T,JUN,JAS,-,,-,-,11SI2,GD923,MAS1101,MADAS I,T,JUN,JAS,-,-,-,11SI2,GD923,MAS1201,MADAS II,T,ARS,-,-,-,-,11SI2,GD923,,,,-,-,-,-,-,11SI2,,,,,-,-,-,-,-,11SI2,,
3,10.00 - 10.50,MAS1101,MADAS I,T,AMP,SML,-,,-,-,11TE1,GD924,MAS1101,MADAS I,T,AMP,SML,-,-,-,11TE1,GD924,MAS1201,MADAS II,T,ARS,-,-,-,-,11TE1,GD923,,,,-,-,-,-,-,11TE1,,,,,-,-,-,-,-,11TE1,,
3,10.00 - 10.50,MAS1101,MADAS I,T,AMP,SML,-,,-,-,11TE2,GD924,MAS1101,MADAS I,T,AMP,SML,-,-,-,11TE2,GD924,MAS1201,MADAS II,T,ARS,-,-,-,-,11TE2,GD923,,,,-,-,-,-,-,11TE2,,,,,-,-,-,-,-,11TE2,,
3,10.00 - 10.50,MAS1101,MADAS I,T,JUN,SML,-,,-,-,11MR1,GD923,MAS1101,MADAS I,T,JUN,JAS,-,-,-,11MR1,GD923,MAS1201,MADAS II,T,REG,-,-,-,-,11MR1,GD924,,,,-,-,-,-,-,11MR1,,,,,-,-,-,-,-,11MR1,,
3,10.00 - 10.50,MAS1101,MADAS I,T,JUN,SML,-,,-,-,11MR2,GD923,MAS1101,MADAS I,T,JUN,JAS,-,-,-,11MR2,GD923,MAS1201,MADAS II,T,REG,-,-,-,-,11MR2,GD924,,,,-,-,-,-,-,11MR2,,,,,-,-,-,-,-,11MR2,,
3,10.00 - 10.50,MAS1101,MADAS I,T,JUN,JAS,-,,-,-,11TB,GD923,MAS1101,MADAS I,T,JUN,JAS,-,-,-,11TB,GD923,MAS1201,MADAS II,T,REG,-,-,-,-,11TB,GD924,,PTB,T,FBA,-,-,-,-,11TB,GD933,,,,-,-,-,,,11TB,,
3,10.00 - 10.50,MAS1102,MADAS I,T,AMP,SML,-,,-,-,11TM,GD924,MAS1102,MADAS I,T,AMP,SML,-,-,-,11TM,GD924,MAS1202,MADAS II,T,REG,-,-,-,-,11TM,GD924,,,,-,-,-,-,-,11TM,,,,,-,-,-,-,-,11TM,,
,,,,,,,,,,,,,,,,,,,,,,,,,,,,,,,,,,,,,,,,,,,,,,,,,,,,,
3,10.00 - 10.50,,,,-,-,-,,-,-,12IF1,,,,,-,-,-,-,-,12IF1,,,,T,-,-,-,-,-,12IF1,GD924,,,,-,-,-,-,-,12IF1,,,,T,-,-,-,-,-,12IF1,GD924,
3,10.00 - 10.50,,,,-,-,-,,-,-,12IF2,,,,,-,-,-,-,-,12IF2,,,,T,-,-,-,-,-,12IF2,GD924,,,,-,-,-,-,-,12IF2,,,,T,-,-,-,-,-,12IF2,GD924,
3,10.00 - 10.50,,,,-,-,-,,-,-,12SI1,,,,,-,-,-,-,-,12SI1,,,,T,-,-,-,-,-,12SI1,GD924,,,,-,-,-,-,-,12SI1,,,,T,-,-,-,-,-,12SI1,GD924,
3,10.00 - 10.50,,,,-,-,-,,-,-,12SI2,,,,,-,-,-,-,-,12SI2,,,,T,-,-,-,-,-,12SI2,GD924,,,,-,-,-,-,-,12SI2,,,,T,-,-,-,-,-,12SI2,GD924,
3,10.00 - 10.50,,,,-,-,-,,-,-,12TE1,,,,,-,-,-,-,-,12TE1,,,,T,-,-,-,-,-,12TE1,GD924,,,,-,-,-,-,-,12TE1,,,,T,-,-,-,-,-,12TE1,GD924,
3,10.00 - 10.50,,,,-,-,-,,-,-,12TE2,,,,,-,-,-,-,-,12TE2,,,,T,-,-,-,-,-,12TE2,GD924,,,,-,-,-,-,-,12TE2,,,,T,-,-,-,-,-,12TE2,GD924,
3,10.00 - 10.50,,,,-,-,-,,-,-,12MR1,,,,,-,-,-,-,-,12MR1,,,,T,-,-,-,-,-,12MR1,GD924,,,,-,-,-,-,-,12MR1,,,,T,-,-,-,-,-,12MR1,GD924,
3,10.00 - 10.50,,,,-,-,-,,-,-,12MR2,,,,,-,-,-,-,-,12MR2,,,,T,-,-,-,-,-,12MR2,GD924,,,,-,-,-,-,-,12MR2,,,,T,-,-,-,-,-,12MR2,GD924,
3,10.00 - 10.50,,,,-,-,-,,-,-,12TB,,,,,-,-,-,-,-,12TB,,31S2102,BIOKIM,T,RFK,-,-,-,-,12TB,GD934,,,,-,-,-,-,-,12TB,,31S2102,BIOKIM,T,RFK,-,-,-,-,12TB,GD933,
,,,,,,,,,,,,,,,,,,,,,,,,,,,,,,,,,,,,,,,,,,   ,,,,,,,,,,,
3,10.00 - 10.50,,,,-,-,-,,-,-,44TRPL3,,,,,-,-,-,-,-,44TRPL3,,KU43202,ATI,T,HMN,-,-,-,-,44TRPL3,GD516,1144103,KUPEL,T,AMS,-,-,-,-,44TRPL3,GD516,KU43202,ATI,T,HMN,-,-,-,-,44TRPL3,GD516,
3,10.00 - 10.50,,,,-,-,-,,-,-,13IF1,,,,,-,-,-,-,-,13IF1,,,,,-,-,-,-,-,13IF1,,,,,-,-,-,-,-,13IF1,,,,,-,-,-,-,-,13IF1,,
3,10.00 - 10.50,,,,-,-,-,,-,-,13IF2,,,,,-,-,-,-,-,13IF2,,,,,-,-,-,-,-,13IF2,,,,,-,-,-,-,-,13IF2,,,,,-,-,-,-,-,13IF2,,
3,10.00 - 10.50,,,,-,-,-,,-,-,13SI1,,,,,-,-,-,-,-,13SI1,,,,,-,-,-,-,-,13SI1,,,,,-,-,-,-,-,13SI1,,,,,-,-,-,-,-,13SI1,,
3,10.00 - 10.50,,,,-,-,-,,-,-,13SI2,,,,,-,-,-,-,-,13SI2,,,,,-,-,-,-,-,13SI2,,,,,-,-,-,-,-,13SI2,,,,,-,-,-,-,-,13SI2,,
3,10.00 - 10.50,14S3121,IMM,T,GPS,-,-,,-,-,13TE1,GD929,14S3121,IMM,T,GPS,-,-,-,-,13TE1,GD929,14S3121,IMM,T,GPS,-,-,-,-,13TE1,GD929,,,,-,-,-,-,-,13TE1,,,,,-,-,-,-,-,13TE1,,
3,10.00 - 10.50,14S3121,IMM,T,GPS,-,-,,-,-,13TE2,GD929,14S3121,IMM,T,GPS,-,-,-,-,13TE2,GD929,14S3121,IMM,T,GPS,-,-,-,-,13TE2,GD929,,,,-,-,-,-,-,13TE2,,,,,-,-,-,-,-,13TE2,,
3,10.00 - 10.50,,,,-,-,-,,-,-,13MR1,,,,,-,-,-,-,-,13MR1,,,,,-,-,-,-,-,13MR1,,,,,-,-,-,-,-,13MR1,,,,,-,-,-,-,-,13MR1,,
3,10.00 - 10.50,,,,-,-,-,,-,-,13MR2,,,,,-,-,-,-,-,13MR2,,,,,-,-,-,-,-,13MR2,,,,,-,-,-,-,-,13MR2,,,,,-,-,-,-,-,13MR2,,
3,10.00 - 10.50,31S3104,FENOPOR,T,MMK,-,-,,-,-,13TB,GD934,31S3104,FENOPOR,T,MMK,-,-,-,-,13TB,GD933,,,,-,-,-,-,-,13TB,,,,,-,-,-,-,-,13TB,,,,,-,-,-,-,-,13TB,,
,,,,,,,,,,,,,,,,,,,,,,,,,,,,,,,,,,,,,,,,,,,,,,,,,,,,,
4,11.00 - 11.50,1141290,PA I,T,ADS,-,-,,-,-,41TRPL3,GD524,1041103,AOK,P,FST,-,-,-,-,41TRPL3,GD524,1141290,PA I,P,ADS,-,-,-,-,41TRPL3,GD524,1141290,PA I,P,ADS,-,-,-,-,41TRPL3,GD524,1141290,PA I,P,ADS,-,-,-,-,41TRPL3,GD524,
4,11.00 - 11.50,,,,-,-,-,,-,-,11IF1,,,,,-,-,-,-,-,11IF1,,MAS1201,MADAS II,T,ARS,-,-,-,-,11IF1,GD923,,,,-,-,-,-,-,11IF1,,,,,-,-,-,-,-,11IF1,,
4,11.00 - 11.50,,,,-,-,-,,-,-,11IF2,,,,,-,-,-,-,-,11IF2,,MAS1201,MADAS II,T,ARS,-,-,-,-,11IF2,GD923,,,,-,-,-,-,-,11IF2,,,,,-,-,-,-,-,11IF2,,
4,11.00 - 11.50,MAS1101,MADAS I,T,JUN,JAS,-,,-,-,11SI1,GD923,MAS1101,MADAS I,T,JUN,JAS,-,-,-,11SI1,GD923,MAS1201,MADAS II,T,ARS,-,-,-,-,11SI1,GD923,,,,-,-,-,-,-,11SI1,,,,,-,-,-,-,-,11SI1,,
4,11.00 - 11.50,MAS1101,MADAS I,T,JUN,JAS,-,,-,-,11SI2,GD923,MAS1101,MADAS I,T,JUN,JAS,-,-,-,11SI2,GD923,MAS1201,MADAS II,T,ARS,-,-,-,-,11SI2,GD923,,,,-,-,-,-,-,11SI2,,,,,-,-,-,-,-,11SI2,,
4,11.00 - 11.50,MAS1101,MADAS I,T,AMP,SML,-,,-,-,11TE1,GD924,MAS1101,MADAS I,T,AMP,SML,-,-,-,11TE1,GD924,MAS1201,MADAS II,T,ARS,-,-,-,-,11TE1,GD923,,,,-,-,-,-,-,11TE1,,,,,-,-,-,-,-,11TE1,,
4,11.00 - 11.50,MAS1101,MADAS I,T,AMP,SML,-,,-,-,11TE2,GD924,MAS1101,MADAS I,T,AMP,SML,-,-,-,11TE2,GD924,MAS1201,MADAS II,T,ARS,-,-,-,-,11TE2,GD923,,,,-,-,-,-,-,11TE2,,,,,-,-,-,-,-,11TE2,,
4,11.00 - 11.50,MAS1101,MADAS I,T,JUN,SML,-,,-,-,11MR1,GD923,MAS1101,MADAS I,T,JUN,JAS,-,-,-,11MR1,GD923,MAS1201,MADAS II,T,REG,-,-,-,-,11MR1,GD924,,,,-,-,-,-,-,11MR1,,,,,-,-,-,-,-,11MR1,,
4,11.00 - 11.50,MAS1101,MADAS I,T,JUN,SML,-,,-,-,11MR2,GD923,MAS1101,MADAS I,T,JUN,JAS,-,-,-,11MR2,GD923,MAS1201,MADAS II,T,REG,-,-,-,-,11MR2,GD924,,,,-,-,-,-,-,11MR2,,,,,-,-,-,-,-,11MR2,,
4,11.00 - 11.50,MAS1101,MADAS I,T,JUN,JAS,-,,-,-,11TB,GD923,MAS1101,MADAS I,T,JUN,JAS,-,-,-,11TB,GD923,MAS1201,MADAS II,T,REG,-,-,-,-,11TB,GD924,,PTB,T,FBA,-,-,-,-,11TB,GD933,,,,-,-,-,,,11TB,,
,,MAS1102,MADAS I,T,AMP,SML,-,,-,-,11TM,GD924,MAS1102,MADAS I,T,AMP,SML,-,-,-,11TM,GD924,MAS1202,MADAS II,T,REG,-,-,-,-,11TM,GD924,,,,-,-,-,-,-,11TM,,,,,-,-,-,-,-,11TM,,
,,,,,,,,,,,,,,,,,,,,,,,,,,,,,,,,,,,,,,,,,,,,,,,,,,,,,
4,11.00 - 11.50,,,,-,-,-,,-,-,12IF1,,,,,-,-,-,-,-,12IF1,,,,,-,-,-,-,-,12IF1,,,,,-,-,-,-,-,12IF1,,,,,-,-,-,,-,12IF1,,
4,11.00 - 11.50,,,,-,-,-,,-,-,12IF2,,,,,-,-,-,-,-,12IF2,,,,,-,-,-,-,-,12IF2,,,,,-,-,-,-,-,12IF2,,,,,-,-,-,,-,12IF2,,
4,11.00 - 11.50,,,,-,-,-,,-,-,12SI1,,,,,-,-,-,-,-,12SI1,,,,,-,-,-,-,-,12SI1,,,,,-,-,-,-,-,12SI1,,,,,-,-,-,-,-,12SI1,,
4,11.00 - 11.50,,,,-,-,-,,-,-,12SI2,,,,,-,-,-,-,-,12SI2,,,,,-,-,-,-,-,12SI2,,,,,-,-,-,-,-,12SI2,,,,,-,-,-,-,-,12SI2,,
4,11.00 - 11.50,,,,-,-,-,,-,-,12TE1,,,,,-,-,-,-,-,12TE1,,,,,-,-,-,-,-,12TE1,,,,,-,-,-,-,-,12TE1,,,,,-,-,-,-,-,12TE1,,
4,11.00 - 11.50,,,,-,-,-,,-,-,12TE2,,,,,-,-,-,-,-,12TE2,,,,,-,-,-,-,-,12TE2,,,,,-,-,-,-,-,12TE2,,,,,-,-,-,-,-,12TE2,,
4,11.00 - 11.50,,,,-,-,-,,-,-,12MR1,,,,,-,-,-,-,-,12MR1,,,,,-,-,-,-,-,12MR1,,,,,-,-,-,-,-,12MR1,,,,,-,-,-,-,-,12MR1,,
4,11.00 - 11.50,,,,-,-,-,,-,-,12MR2,,,,,-,-,-,-,-,12MR2,,,,,-,-,-,-,-,12MR2,,,,,-,-,-,-,-,12MR2,,,,,-,-,-,-,-,12MR2,,
4,11.00 - 11.50,,,,-,-,-,,-,-,12TB,GD924,,,,-,-,-,-,-,12TB,,31S2102,BIOKIM,T,RFK,-,-,-,-,12TB,GD934,,,,-,-,-,-,-,12TB,,31S2102,BIOKIM,T,RFK,-,-,-,-,12TB,GD933,
,,,,,,,,,,,,,,,,,,,,,,,,,,,,,,,,,,,,,,,,,,,,,,,,,,,,,
4,11.00 - 11.50,,,,-,-,-,,-,-,44TRPL3,,,,,-,-,-,-,-,44TRPL3,,KU43202,ATI,T,HMN,-,-,-,-,44TRPL3,GD516,,,,-,-,-,-,-,44TRPL3,,KU43202,ATI,T,HMN,-,-,-,-,44TRPL3,GD516,
4,11.00 - 11.50,,,,-,-,-,,-,-,13IF1,,,,,-,-,-,-,-,13IF1,,,,,-,-,-,-,-,13IF1,,,,,-,-,-,-,-,13IF1,,,,,-,-,-,-,-,13IF1,,
4,11.00 - 11.50,,,,-,-,-,,-,-,13IF2,,,,,-,-,-,-,-,13IF2,,,,,-,-,-,-,-,13IF2,,,,,-,-,-,-,-,13IF2,,,,,-,-,-,-,-,13IF2,,
4,11.00 - 11.50,,,,-,-,-,,-,-,13SI1,,,,,-,-,-,-,-,13SI1,,,,,-,-,-,-,-,13SI1,,,,,-,-,-,-,-,13SI1,,,,,-,-,-,-,-,13SI1,,
4,11.00 - 11.50,,,,-,-,-,,-,-,13SI2,,,,,-,-,-,-,-,13SI2,,,,,-,-,-,-,-,13SI2,,,,,-,-,-,-,-,13SI2,,,,,-,-,-,-,-,13SI2,,
4,11.00 - 11.50,,,,-,-,-,,-,-,13TE1,,,,,-,-,-,-,-,13TE1,,,,,-,-,-,-,-,13TE1,,,,,-,-,-,-,-,13TE1,,,,,-,-,-,-,-,13TE1,,
4,11.00 - 11.50,,,,-,-,-,,-,-,13TE2,,,,,-,-,-,-,-,13TE2,,,,,-,-,-,-,-,13TE2,,,,,-,-,-,-,-,13TE2,,,,,-,-,-,-,-,13TE2,,
4,11.00 - 11.50,,,,-,-,-,,-,-,13MR1,,,,,-,-,-,-,-,13MR1,,,,,-,-,-,-,-,13MR1,,,,,-,-,-,-,-,13MR1,,,,,-,-,-,-,-,13MR1,,
4,11.00 - 11.50,,,,-,-,-,,-,-,13MR2,,,,,-,-,-,-,-,13MR2,,,,,-,-,-,-,-,13MR2,,,,,-,-,-,-,-,13MR2,,,,,-,-,-,-,-,13MR2,,
4,11.00 - 11.50,31S3104,FENOPOR,T,MMK,-,-,,-,-,13TB,GD934,31S3104,FENOPOR,T,MMK,-,-,-,-,13TB,GD933,,,,-,-,-,-,-,13TB,,,,,-,-,-,-,-,13TB,,,,,-,-,-,-,-,13TB,,
,,,,,,,,,,,,,,,,,,,,,,,,,,,,,,,,,,,,,,,,,,,,,,,,,,,,,
5,13.00 - 13.50,TI41101,INDIG,P,RIS,-,-,,-,-,41TRPL3,GD524,1141205,PBD,P,OPH,-,-,-,-,41TRPL3,GD524,,,,,,,,,41TRPL3,,1141205,PBD,P,OPH,-,-,-,-,41TRPL3,GD524,,,,-,-,-,-,-,41TRPL3,,
5,13.00 - 13.50,,,,-,-,-,,-,-,11IF1,,,,,-,-,-,-,-,11IF1,,,,,-,-,-,-,-,11IF1,,,,,-,-,-,-,-,11IF1,,,,,-,-,-,-,-,11IF1,,
5,13.00 - 13.50,,,,-,-,-,,-,-,11IF2,,,,,-,-,-,-,-,11IF2,,,,,-,-,-,-,-,11IF2,,,,,-,-,-,-,-,11IF2,,,,,-,-,-,-,-,11IF2,,
5,13.00 - 13.50,,,,-,-,-,,-,-,11SI1,,,,,-,-,-,-,-,11SI1,,,,,-,-,-,-,-,11SI1,,,,,-,-,-,-,-,11SI1,,,,,-,-,-,-,-,11SI1,,
5,13.00 - 13.50,,,,-,-,-,,-,-,11SI2,,,,,-,-,-,-,-,11SI2,,,,,-,-,-,-,-,11SI2,,,,,-,-,-,-,-,11SI2,,,,,-,-,-,-,-,11SI2,,
5,13.00 - 13.50,,,,-,-,-,,-,-,11TE1,,,,,-,-,-,-,-,11TE1,,,,,-,-,-,-,-,11TE1,,,,,-,-,-,-,-,11TE1,,,,,-,-,-,-,-,11TE1,,
5,13.00 - 13.50,,,,-,-,-,,-,-,11TE2,,,,,-,-,-,-,-,11TE2,,,,,-,-,-,-,-,11TE2,,,,,-,-,-,-,-,11TE2,,,,,-,-,-,-,-,11TE2,,
5,13.00 - 13.50,,,,-,-,-,,-,-,11MR1,,,,,-,-,-,-,-,11MR1,,,,,-,-,-,-,-,11MR1,,,,,-,-,-,-,-,11MR1,,,,,-,-,-,-,-,11MR1,,
5,13.00 - 13.50,,,,-,-,-,,-,-,11MR2,,,,,-,-,-,-,-,11MR2,,,,,-,-,-,-,-,11MR2,,,,,-,-,-,-,-,11MR2,,,,,-,-,-,-,-,11MR2,,
5,13.00 - 13.50,,,,-,-,-,,-,-,11TB,,,,,-,-,-,-,-,11TB,,,PTB,T,FBA,-,-,-,-,11TB,GD933,,,,-,-,-,-,-,11TB,,,,,-,-,-,-,-,11TB,,
5,13.00 - 13.50,,,,-,-,-,,-,-,11TM,,,,,-,-,-,-,-,11TM,,,,,-,-,-,-,-,11TM,,,,,-,-,-,-,-,11TM,,,,,-,-,-,-,-,11TM,,
,,,,,,,,,,,,,,,,,,,,,,,,,,,,,,,,,,,,,,,,,,,,,,,,,,,,,
5,13.00 - 13.50,,,,-,-,-,,-,-,12IF1,,,,,-,-,-,-,-,12IF1,,,,,-,-,-,-,-,12IF1,,,,,-,-,-,-,-,12IF1,,,,,-,-,-,-,-,12IF1,,
5,13.00 - 13.50,,,,-,-,-,,-,-,12IF2,,,,,-,-,-,-,-,12IF2,,,,,-,-,-,-,-,12IF2,,,,,-,-,-,-,-,12IF2,,,,,-,-,-,-,-,12IF2,,
5,13.00 - 13.50,,,,-,-,-,,-,-,12SI1,,,,,-,-,-,-,-,12SI1,,,,,-,-,-,-,-,12SI1,,,,,-,-,-,-,-,12SI1,,,,,-,-,-,-,-,12SI1,,
5,13.00 - 13.50,,,,-,-,-,,-,-,12SI2,,,,,-,-,-,-,-,12SI2,,,,,-,-,-,-,-,12SI2,,,,,-,-,-,-,-,12SI2,,,,,-,-,-,-,-,12SI2,,
5,13.00 - 13.50,,,,-,-,-,,-,-,12TE1,,,,,-,-,-,-,-,12TE1,,,,,-,-,-,-,-,12TE1,,,,,-,-,-,-,-,12TE1,,,,,-,-,-,-,-,12TE1,,
5,13.00 - 13.50,,,,-,-,-,,-,-,12TE2,,,,,-,-,-,-,-,12TE2,,,,,-,-,-,-,-,12TE2,,,,,-,-,-,-,-,12TE2,,,,,-,-,-,-,-,12TE2,,
5,13.00 - 13.50,,,,-,-,-,,-,-,12MR1,,,,,-,-,-,-,-,12MR1,,,,,-,-,-,-,-,12MR1,,,,,-,-,-,-,-,12MR1,,,,,-,-,-,-,-,12MR1,,
5,13.00 - 13.50,,,,-,-,-,,-,-,12MR2,,,,,-,-,-,-,-,12MR2,,,,,-,-,-,-,-,12MR2,,,,,-,-,-,-,-,12MR2,,,,,-,-,-,-,-,12MR2,,
5,13.00 - 13.50,31S2102,BIOKIM,T,RFK,-,-,,-,-,12TB,GD933,,,,-,-,-,-,-,12TB,,,,,-,-,-,,,12TB,,,,,-,-,-,-,-,12TB,,,,,-,-,-,-,-,12TB,,
,,,,,,,,,,,,,,,,,,,,,,,,,,,,,,,,,,,,,,,,,,,,,,,,,,,,,
5,13.00 - 13.50,1144290,TA II,P,AMS,-,-,,-,-,44TRPL3,GD516,1144290,TA II,P,AMS,-,-,-,-,44TRPL3,GD516,1144290,TA II,P,AMS,-,-,-,-,44TRPL3,GD516,,,,-,-,-,-,-,44TRPL3,,1144103,KUPEL,P,AMS,-,-,-,-,44TRPL3,GD516,
5,13.00 - 13.50,,,,-,-,-,,-,-,13IF1,,,,,-,-,-,-,-,13IF1,,,,,-,-,-,-,-,13IF1,,,,,-,-,-,-,-,13IF1,,,,,-,-,-,-,-,13IF1,,
5,13.00 - 13.50,,,,-,-,-,,-,-,13IF2,,,,,-,-,-,-,-,13IF2,,,,,-,-,-,-,-,13IF2,,,,,-,-,-,-,-,13IF2,,,,,-,-,-,-,-,13IF2,,
5,13.00 - 13.50,,,,-,-,-,,-,-,13SI1,,,,,-,-,-,-,-,13SI1,,,,,-,-,-,-,-,13SI1,,,,,-,-,-,-,-,13SI1,,,,,-,-,-,-,-,13SI1,,
5,13.00 - 13.50,,,,-,-,-,,-,-,13SI2,,,,,-,-,-,-,-,13SI2,,,,,-,-,-,-,-,13SI2,,,,,-,-,-,-,-,13SI2,,,,,-,-,-,-,-,13SI2,,
5,13.00 - 13.50,,,,-,-,-,,-,-,13TE1,,,,,-,-,-,-,-,13TE1,,,,,-,-,-,-,-,13TE1,,,,,-,-,-,-,-,13TE1,,,,,-,-,-,-,-,13TE1,,
5,13.00 - 13.50,,,,-,-,-,,-,-,13TE2,,,,,-,-,-,-,-,13TE2,,,,,-,-,-,-,-,13TE2,,,,,-,-,-,-,-,13TE2,,,,,-,-,-,-,-,13TE2,,
5,13.00 - 13.50,,,,-,-,-,,-,-,13MR1,,,,,-,-,-,-,-,13MR1,,,,,-,-,-,-,-,13MR1,,,,,-,-,-,-,-,13MR1,,,,,-,-,-,-,-,13MR1,,
5,13.00 - 13.50,,,,-,-,-,,-,-,13MR2,,,,,-,-,-,-,-,13MR2,,,,,-,-,-,-,-,13MR2,,,,,-,-,-,-,-,13MR2,,,,,-,-,-,-,-,13MR2,,
5,13.00 - 13.50,,,,-,-,-,,-,-,13TB,,,,,-,-,-,-,-,13TB,,,,,-,-,-,,,13TB,,,,,-,-,-,-,-,13TB,,,,,-,-,-,-,-,13TB,,
,,,,,,,,,,,,,,,,,,,,,,,,,,,,,,,,,,,,,,,,,,,,,,,,,,,,,
6,14.00 - 14.50,TI41101,INDIG,P,RIS,-,-,,-,-,41TRPL3,GD524,1141205,PBD,P,OPH,-,-,-,-,41TRPL3,GD524,1041103,AOK,T,FST,-,-,-,-,41TRPL3,GD524,1141205,PBD,P,OPH,-,-,-,-,41TRPL3,GD524,,,,-,-,-,-,-,41TRPL3,,
6,14.00 - 14.50,,,,-,-,-,,-,-,31TI1,,,,,-,-,-,-,-,31TI1,,,,,-,-,-,-,-,31TI1,,,,,-,-,-,-,-,31TI1,,,,,-,-,-,-,-,31TI1,,
6,14.00 - 14.50,,,,-,-,-,,-,-,31TI2,,,,,-,-,-,-,-,31TI2,,,,,-,-,-,-,-,31TI2,,,,,-,-,-,-,-,31TI2,,,,,-,-,-,-,-,31TI2,,
6,14.00 - 14.50,,,,-,-,-,,-,-,31TK1,,,,,-,-,-,-,-,31TK1,,,,,-,-,-,-,-,31TK1,,,,,-,-,-,-,-,31TK1,,,,,-,-,-,-,-,31TK1,,
6,14.00 - 14.50,,,,-,-,-,,-,-,31TK2,,,,,-,-,-,-,-,31TK2,,,,,-,-,-,-,-,31TK2,,,,,-,-,-,-,-,31TK2,,,,,-,-,-,-,-,31TK2,,
6,14.00 - 14.50,,,,-,-,-,,-,-,41TRPL1,,,,,-,-,-,-,-,41TRPL1,,,,,-,-,-,-,-,41TRPL1,,,,,-,-,-,-,-,41TRPL1,,,,,-,-,-,-,-,41TRPL1,,
6,14.00 - 14.50,,,,-,-,-,,-,-,41TRPL2,,,,,-,-,-,-,-,41TRPL2,,,,,-,-,-,-,-,41TRPL2,,,,,-,-,-,-,-,41TRPL2,,,,,-,-,-,-,-,41TRPL2,,
6,14.00 - 14.50,,,,-,-,-,,-,-,11IF1,,,,,-,-,-,-,-,11IF1,,,,,-,-,-,-,-,11IF1,,,,,-,-,-,-,-,11IF1,,,,,-,-,-,-,-,11IF1,,
6,14.00 - 14.50,,,,-,-,-,,-,-,11IF2,,,,,-,-,-,-,-,11IF2,,,,,-,-,-,-,-,11IF2,,,,,-,-,-,-,-,11IF2,,,,,-,-,-,-,-,11IF2,,
6,14.00 - 14.50,,,,-,-,-,,-,-,11SI1,,,,,-,-,-,-,-,11SI1,,,,,-,-,-,-,-,11SI1,,,,,-,-,-,-,-,11SI1,,,,,-,-,-,-,-,11SI1,,
6,14.00 - 14.50,,,,-,-,-,,-,-,11SI2,,,,,-,-,-,-,-,11SI2,,,,,-,-,-,-,-,11SI2,,,,,-,-,-,-,-,11SI2,,,,,-,-,-,-,-,11SI2,,
6,14.00 - 14.50,,,,-,-,-,,-,-,11TE1,,,,,-,-,-,-,-,11TE1,,,,,-,-,-,-,-,11TE1,,,,,-,-,-,-,-,11TE1,,,,,-,-,-,-,-,11TE1,,
6,14.00 - 14.50,,,,-,-,-,,-,-,11TE2,,,,,-,-,-,-,-,11TE2,,,,,-,-,-,-,-,11TE2,,,,,-,-,-,-,-,11TE2,,,,,-,-,-,-,-,11TE2,,
6,14.00 - 14.50,,,,-,-,-,,-,-,11MR1,,,,,-,-,-,-,-,11MR1,,,,,-,-,-,-,-,11MR1,,,,,-,-,-,-,-,11MR1,,,,,-,-,-,-,-,11MR1,,
6,14.00 - 14.50,,,,-,-,-,,-,-,11MR2,,,,,-,-,-,-,-,11MR2,,,,,-,-,-,-,-,11MR2,,,,,-,-,-,-,-,11MR2,,,,,-,-,-,-,-,11MR2,,
6,14.00 - 14.50,,,,-,-,-,,-,-,11TB,,,,,-,-,-,-,-,11TB,,,PTB,T,FBA,-,-,-,-,11TB,GD933,,,,,-,-,-,-,11TB,,,,,-,-,-,-,-,11TB,,
,,,,,-,-,-,,-,-,11TM,,,,,-,-,-,-,-,11TM,,,,,-,-,-,-,-,11TM,,,,,-,-,-,-,-,11TM,,,,,-,-,-,-,-,11TM,,
,,,,,,,,,,,,,,,,,,,,,,,,,,,,,,,,,,,,,,,,,,,,,,,,,,,,,
6,14.00 - 14.50,,,,-,-,-,,-,-,12IF1,,,,,-,-,-,-,-,12IF1,,,,,-,-,-,-,-,12IF1,,,,,-,-,-,-,-,12IF1,,,,,-,-,-,-,-,12IF1,,
6,14.00 - 14.50,,,,-,-,-,,-,-,12IF2,,,,,-,-,-,-,-,12IF2,,,,,-,-,-,-,-,12IF2,,,,,-,-,-,-,-,12IF2,,,,,-,-,-,-,-,12IF2,,
6,14.00 - 14.50,,,,-,-,-,,-,-,12SI1,,,,,-,-,-,-,-,12SI1,,,,,-,-,-,-,-,12SI1,,,,,-,-,-,-,-,12SI1,,,,,-,-,-,-,-,12SI1,,
6,14.00 - 14.50,,,,-,-,-,,-,-,12SI2,,,,,-,-,-,-,-,12SI2,,,,,-,-,-,-,-,12SI2,,,,,-,-,-,-,-,12SI2,,,,,-,-,-,-,-,12SI2,,
6,14.00 - 14.50,,,,-,-,-,,-,-,12TE1,,,,,-,-,-,-,-,12TE1,,,,,-,-,-,-,-,12TE1,,,,,-,-,-,-,-,12TE1,,,,,-,-,-,-,-,12TE1,,
6,14.00 - 14.50,,,,-,-,-,,-,-,12TE2,,,,,-,-,-,-,-,12TE2,,,,,-,-,-,-,-,12TE2,,,,,-,-,-,-,-,12TE2,,,,,-,-,-,-,-,12TE2,,
6,14.00 - 14.50,,,,-,-,-,,-,-,12MR1,,,,,-,-,-,-,-,12MR1,,,,,-,-,-,-,-,12MR,,,,,-,-,-,-,-,12MR,,,,,-,-,-,-,-,12MR,,
6,14.00 - 14.50,,,,-,-,-,,-,-,12MR2,,,,,-,-,-,-,-,12MR2,,,,,-,-,-,-,-,12MR,,,,,-,-,-,-,-,12MR,,,,,-,-,-,-,-,12MR,,
6,14.00 - 14.50,31S2102,BIOKIM,T,RFK,-,-,,-,-,T,GD933,,,,-,-,-,-,-,12TB,,,,,-,-,-,-,-,12TB,,,,,-,-,-,-,-,12TB,,,,,-,-,-,-,-,12TB,,
,,,,,,,,,,,,,,,,,,,,,,,,,,,,,,,,,,,,,,,,,,,,,,,,,,,,,
6,14.00 - 14.50,1144290,TA II,P,AMS,-,-,,-,-,44TRPL3,GD516,1144290,TA II,P,AMS,-,-,-,-,44TRPL3,GD516,1144290,TA II,P,AMS,-,-,-,-,44TRPL3,GD516,,,,-,-,-,-,-,44TRPL3,,1144103,KUPEL,P,AMS,-,-,-,-,44TRPL3,GD516,
6,14.00 - 14.50,,,,-,-,-,,-,-,13IF1,,,,,-,-,-,-,-,13IF1,,,,,-,-,-,-,-,13IF1,,,,,-,-,-,-,-,13IF1,,,,,-,-,-,-,-,13IF1,,
6,14.00 - 14.50,,,,-,-,-,,-,-,13IF2,,,,,-,-,-,-,-,13IF2,,,,,-,-,-,-,-,13IF2,,,,,-,-,-,-,-,13IF2,,,,,-,-,-,-,-,13IF2,,
6,14.00 - 14.50,,,,-,-,-,,-,-,13SI1,,,,,-,-,-,-,-,13SI1,,,,,-,-,-,-,-,13SI1,,,,,-,-,-,-,-,13SI1,,,,,-,-,-,-,-,13SI1,,
6,14.00 - 14.50,,,,-,-,-,,-,-,13SI2,,,,,-,-,-,-,-,13SI2,,,,,-,-,-,-,-,13SI2,,,,,-,-,-,-,-,13SI2,,,,,-,-,-,-,-,13SI2,,
6,14.00 - 14.50,,,,-,-,-,,-,-,13TE1,,,,,-,-,-,-,-,13TE1,,,,,-,-,-,-,-,13TE1,,,,,-,-,-,-,-,13TE1,,,,,-,-,-,-,-,13TE1,,
6,14.00 - 14.50,,,,-,-,-,,-,-,13TE2,,,,,-,-,-,-,-,13TE2,,,,,-,-,-,-,-,13TE2,,,,,-,-,-,-,-,13TE2,,,,,-,-,-,-,-,13TE2,,
6,14.00 - 14.50,,,,-,-,-,,-,-,13MR1,,,,,-,-,-,-,-,13MR1,,,,,-,-,-,-,-,13MR1,,,,,-,-,-,-,-,13MR1,,,,,-,-,-,-,-,13MR1,,
6,14.00 - 14.50,,,,-,-,-,,-,-,13MR2,,,,,-,-,-,-,-,13MR2,,,,,-,-,-,-,-,13MR2,,,,,-,-,-,-,-,13MR2,,,,,-,-,-,-,-,13MR2,,
6,14.00 - 14.50,,,,-,-,-,,-,-,13TB,,,,,-,-,-,-,-,13TB,,,,,-,-,-,-,-,13TB,,,,,-,-,-,-,-,13TB,,,,,-,-,-,-,-,13TB,,
,,,,,,,,,,,,,,,,,,,,,,,,,,,,,,,,,,,,,,,,,,,,,,,,,,,,,
7,15.00 - 15.50,1141290,PA I,P,ADS,-,-,,-,-,41TRPL3,GD524,TI41101,INDIG,P,RIS,-,-,-,-,41TRPL3,GD524,1141205,PBD,P,OPH,-,-,-,-,41TRPL3,GD524,,,,-,-,-,-,-,41TRPL3,,,,,-,-,-,-,-,41TRPL3,,
7,15.00 - 15.50,,,,-,-,-,,-,-,11IF1,,,,,-,-,-,-,-,11IF1,,,,,-,-,-,-,-,11IF1,,,,,-,-,-,-,-,11IF1,,,,,-,-,-,-,-,11IF1,,
7,15.00 - 15.50,,,,-,-,-,,-,-,11IF2,,,,,-,-,-,-,-,11IF2,,,,,-,-,-,-,-,11IF2,,,,,-,-,-,-,-,11IF2,,,,,-,-,-,-,-,11IF2,,
7,15.00 - 15.50,,,,-,-,-,,-,-,11SI1,,,,,-,-,-,-,-,11SI1,,,,,-,-,-,-,-,11SI1,,,,,-,-,-,-,-,11SI1,,,,,-,-,-,-,-,11SI1,,
7,15.00 - 15.50,,,,-,-,-,,-,-,11SI2,,,,,-,-,-,-,-,11SI2,,,,,-,-,-,-,-,11SI2,,,,,-,-,-,-,-,11SI2,,,,,-,-,-,-,-,11SI2,,
7,15.00 - 15.50,,,,-,-,-,,-,-,11TE1,,,,,-,-,-,-,-,11TE1,,,,,-,-,-,-,-,11TE1,,,,,-,-,-,-,-,11TE1,,,,,-,-,-,-,-,11TE1,,
7,15.00 - 15.50,,,,-,-,-,,-,-,11TE2,,,,,-,-,-,-,-,11TE2,,,,,-,-,-,-,-,11TE2,,,,,-,-,-,-,-,11TE2,,,,,-,-,-,-,-,11TE2,,
7,15.00 - 15.50,,,,-,-,-,,-,-,11MR1,,,,,-,-,-,-,-,11MR1,,,,,-,-,-,-,-,11MR1,,,,,-,-,-,-,-,11MR1,,,,,-,-,-,-,-,11MR1,,
7,15.00 - 15.50,,,,-,-,-,,-,-,11MR2,,,,,-,-,-,-,-,11MR2,,,,,-,-,-,-,-,11MR2,,,,,-,-,-,-,-,11MR2,,,,,-,-,-,-,-,11MR2,,
7,15.00 - 15.50,,,,-,-,-,,-,-,11TB,,,,,-,-,-,-,-,11TB,,,,,-,-,-,-,-,11TB,,,,,-,-,-,-,-,11TB,,,,,-,-,-,-,-,11TB,,
7,15.00 - 15.50,,,,-,-,-,,-,-,11TM,,,,,-,-,-,-,-,11TM,,,,,-,-,-,-,-,11TM,,,,,-,-,-,-,-,11TM,,,,,-,-,-,-,-,11TM,,
,,,,,,,,,,,,,,,,,,,,,,,,,,,,,,,,,,,,,,,,,,,,,,,,,,,,,
7,15.00 - 15.50,,,,-,-,-,,-,-,12IF1,,,,,-,-,-,-,-,12IF1,,,,,-,-,-,-,-,12IF1,,,,,-,-,-,-,-,12IF1,,,,,-,-,-,-,-,12IF1,,
7,15.00 - 15.50,,,,-,-,-,,-,-,12IF2,,,,,-,-,-,-,-,12IF2,,,,,-,-,-,-,-,12IF2,,,,,-,-,-,-,-,12IF2,,,,,-,-,-,-,-,12IF2,,
7,15.00 - 15.50,,,,-,-,-,,-,-,12SI1,,,,,-,-,-,-,-,12SI1,,,,,-,-,-,-,-,12SI1,,,,,-,-,-,-,-,12SI1,,,,,-,-,-,-,-,12SI1,,
7,15.00 - 15.50,,,,-,-,-,,-,-,12SI2,,,,,-,-,-,-,-,12SI2,,,,,-,-,-,-,-,12SI2,,,,,-,-,-,-,-,12SI2,,,,,-,-,-,-,-,12SI2,,
7,15.00 - 15.50,,,,-,-,-,,-,-,12TE1,,,,,-,-,-,-,-,12TE1,GD933,,,,-,-,-,-,-,12TE1,GD933,,,,-,-,-,-,-,12TE1,GD933,,,T,-,-,-,-,-,12TE1,GD933,
7,15.00 - 15.50,,,,-,-,-,,-,-,12TE2,,,,,-,-,-,-,-,12TE2,GD933,,,,-,-,-,-,-,12TE2,GD933,,,,-,-,-,-,-,12TE2,GD933,,,T,-,-,-,-,-,12TE2,GD933,
7,15.00 - 15.50,,,,-,-,-,,-,-,12MR1,,,,,-,-,-,,-,12MR1,,,,,-,-,-,-,-,12MR,,,,,-,-,-,-,-,12MR1,,,,,-,-,-,-,-,12MR1,,
7,15.00 - 15.50,,,,-,-,-,,-,-,12MR2,,,,,-,-,-,,-,12MR2,,,,,-,-,-,-,-,12MR,,,,,-,-,-,-,-,12MR2,,,,,-,-,-,-,-,12MR2,,
7,15.00 - 15.50,,,,-,-,-,,-,-,12TB,,,,,-,-,-,-,-,12TB,,,,,-,-,-,,-,12TB,,,,,-,-,-,-,-,12TB,,,,,-,-,-,,-,12TB,,
,,,,,,,,,,,,,,,,,,,,,,,,,,,,,,,,,,,,,,,,,,,,,,,,,,,,,
7,15.00 - 15.50,,,,-,-,-,,-,-,44TRPL3,,1144103,KUPEL,T,AMS,-,-,-,-,44TRPL3,GD516,1144103,KUPEL,P,AMS,-,-,-,-,44TRPL3,GD516,,,,-,-,-,-,-,44TRPL3,,,,,-,-,-,-,-,44TRPL3,,
7,15.00 - 15.50,,,,-,-,-,,-,-,13IF1,,,,,-,-,-,-,-,13IF1,,,,,-,-,-,-,-,13IF1,,,,,-,-,-,-,-,13IF1,,,,,-,-,-,-,-,13IF1,,
7,15.00 - 15.50,,,,-,-,-,,-,-,13IF2,,,,,-,-,-,-,-,13IF2,,,,,-,-,-,-,-,13IF2,,,,,-,-,-,-,-,13IF2,,,,,-,-,-,-,-,13IF2,,
7,15.00 - 15.50,,,,-,-,-,,-,-,13SI1,,,,,-,-,-,-,-,13SI1,,,,,-,-,-,,-,13SI1,,,,,-,-,-,-,-,13SI1,,,,,-,-,-,,-,13SI1,,
7,15.00 - 15.50,,,,-,-,-,,-,-,13SI2,,,,,-,-,-,-,-,13SI2,,,,,-,-,-,-,-,13SI2,,,,,-,-,-,-,-,13SI2,,,,,-,-,-,-,-,13SI2,,
7,15.00 - 15.50,,,,-,-,-,,-,-,13TE1,,,,,-,-,-,-,-,13TE1,,,,,-,-,-,-,-,13TE1,,,,,-,-,-,-,-,13TE1,,,,,-,-,-,-,-,13TE1,,
7,15.00 - 15.50,,,,-,-,-,,-,-,13TE2,,,,,-,-,-,-,-,13TE2,,,,,-,-,-,,-,13TE2,,,,,-,-,-,-,-,13TE2,,,,,-,-,-,,-,13TE2,,
7,15.00 - 15.50,,,,-,-,-,,-,-,13MR1,,,,,-,-,-,,-,13MR1,,,,,-,-,-,-,-,13MR1,,,,,-,-,-,-,-,13MR1,,,,,-,-,-,-,-,13MR1,,
7,15.00 - 15.50,,,,-,-,-,,-,-,13MR2,,,,,-,-,-,,-,13MR2,,,,,-,-,-,-,-,13MR2,,,,,-,-,-,-,-,13MR2,,,,,-,-,-,-,-,13MR2,,
7,15.00 - 15.50,,,,-,-,-,,-,-,13TB,,,,,-,-,-,-,-,13TB,,,,,-,-,-,,-,13TB,,,,,-,-,-,-,-,13TB,,,,,-,-,-,,-,13TB,,
,,,,,,,,,,,,,,,,,,,,,,,,,,,,,,,,,,,,,,,,,,,,,,,,,,,,,
8,16.00 - 16.50,1141290,PA I,P,ADS,-,-,,-,-,41TRPL3,GD524,TI41101,INDIG,P,RIS,-,-,-,-,41TRPL3,GD524,1141205,PBD,P,OPH,-,-,-,-,41TRPL3,GD524,,,,-,-,-,-,-,41TRPL3,,,,,-,-,-,-,-,41TRPL3,,
8,16.00 - 16.50,,,,-,-,-,,-,-,11IF1,,,,,-,-,-,-,-,11IF1,,,,,-,-,-,-,-,11IF1,,,,,-,-,-,-,-,11IF1,,,,,,-,-,-,-,11IF1,,
8,16.00 - 16.50,,,,-,-,-,,-,-,11IF2,,,,,-,-,-,-,-,11IF2,,,,,-,-,-,-,-,11IF2,,,,,-,-,-,-,-,11IF2,,,,,-,-,-,-,-,11IF2,,
8,16.00 - 16.50,,,,-,-,-,,-,-,11SI1,,,,,-,-,-,-,-,11SI1,,,,,-,-,-,-,-,11SI1,,,,,-,-,-,-,-,11SI1,,,,,-,-,-,-,-,11SI1,,
8,16.00 - 16.50,,,,-,-,-,,-,-,11SI2,,,,,-,-,-,-,-,11SI2,,,,,-,-,-,-,-,11SI2,,,,,-,-,-,-,-,11SI2,,,,,-,-,-,-,-,11SI2,,
8,16.00 - 16.50,,,,-,-,-,,-,-,11TE1,,,,,-,-,-,-,-,11TE1,,,,,-,-,-,-,-,11TE1,,,,,-,-,-,-,-,11TE1,,,,,-,-,-,-,-,11TE1,,
8,16.00 - 16.50,,,,-,-,-,,-,-,11TE2,,,,,-,-,-,-,-,11TE2,,,,,-,-,-,-,-,11TE2,,,,,-,-,-,-,-,11TE2,,,,,-,-,-,-,-,11TE2,,
8,16.00 - 16.50,,,,-,-,-,,-,-,11MR1,,,,,-,-,-,-,-,11MR1,,,,,-,-,-,-,-,11MR1,,,,,-,-,-,-,-,11MR1,,,,,-,-,-,-,-,11MR1,,
8,16.00 - 16.50,,,,-,-,-,,-,-,11MR2,,,,,-,-,-,-,-,11MR2,,,,,-,-,-,-,-,11MR2,,,,,-,-,-,-,-,11MR2,,,,,-,-,-,-,-,11MR2,,
8,16.00 - 16.50,,,,-,-,-,,-,-,11TB,,,,,-,-,-,-,-,11TB,,,,,-,-,-,-,-,11TB,,,,,-,-,-,-,-,11TB,,,,,-,-,-,-,-,11TB,,
8,16.00 - 16.50,,,,-,-,-,,-,-,11TM,,,,,-,-,-,-,-,11TM,,,,,-,-,-,-,-,11TM,,,,,-,-,-,-,-,11TM,,,,,-,-,-,-,-,11TM,,
,,,,,,,,,,,,,,,,,,,,,,,,,,,,,,,,,,,,,,,,,,,,,,,,,,,,,
8,16.00 - 16.50,,,,-,-,-,,-,-,12IF1,,,,,-,-,-,-,-,12IF1,,,,,-,-,-,-,-,12IF1,,,,,-,-,-,-,-,12IF1,,,,,-,-,-,-,-,12IF1,,
8,16.00 - 16.50,,,,-,-,-,,-,-,12IF2,,,,,-,-,-,-,-,12IF2,,,,,-,-,-,-,-,12IF2,,,,,-,-,-,-,-,12IF2,,,,,-,-,-,-,-,12IF2,,
8,16.00 - 16.50,,,,-,-,-,,-,-,12SI1,,,,,-,-,-,-,-,12SI1,,,,,-,-,-,-,-,12SI1,,,,,-,-,-,-,-,12SI1,,,,,-,-,-,-,-,12SI1,,
8,16.00 - 16.50,,,,-,-,-,,-,-,12SI2,,,,,-,-,-,-,-,12SI2,,,,,-,-,-,-,-,12SI2,,,,,-,-,-,-,-,12SI2,,,,,-,-,-,-,-,12SI2,,
8,16.00 - 16.50,,,,-,-,-,,-,-,12TE1,,,,,-,-,-,-,-,12TE1,GD933,,,,-,-,-,-,-,12TE1,,,,,-,-,-,-,-,12TE1,GD933,,,,-,-,-,-,-,12TE1,GD933,
8,16.00 - 16.50,,,,-,-,-,,-,-,12TE2,,,,,-,-,-,-,-,12TE2,GD933,,,,-,-,-,-,-,12TE2,,,,,-,-,-,-,-,12TE2,GD933,,,,-,-,-,-,-,12TE2,GD933,
8,16.00 - 16.50,,,,-,-,-,,-,-,12MR1,,,,,-,-,-,,-,12MR1,,,,,-,-,-,-,-,12MR,,,,,-,-,-,-,-,12MR1,,,,,-,-,-,-,-,12MR1,,
8,16.00 - 16.50,,,,-,-,-,,-,-,12MR2,,,,,-,-,-,,-,12MR2,,,,,-,-,-,-,-,12MR,,,,,-,-,-,-,-,12MR2,,,,,-,-,-,-,-,12MR2,,
8,16.00 - 16.50,,,,-,-,-,,-,-,12TB,,,,,-,-,-,-,-,12TB,,,,,-,-,-,-,-,12TB,,,,,-,-,-,-,-,12TB,,,,,-,-,-,,-,12TB,,
,,,,,,,,,,,,,,,,,,,,,,,,,,,,,,,,,,,,,,,,,,,,,,,,,,,,,
8,16.00 - 16.50,,,,-,-,-,,-,-,44TRPL3,,,,,-,-,-,-,-,44TRPL3,,1144103,KUPEL,P,AMS,-,-,-,-,44TRPL3,GD516,,,,-,-,-,-,-,44TRPL3,,,,,-,-,-,-,-,44TRPL3,,
8,16.00 - 16.50,,,,-,-,-,,-,-,13IF1,,,,,-,-,-,,-,13IF1,,,,,-,-,-,-,-,13IF1,,,,,-,-,-,-,-,13IF1,,,,,-,-,-,-,-,13IF1,,
8,16.00 - 16.50,,,,-,-,-,,-,-,13IF2,,,,,-,-,-,,-,13IF2,,,,,-,-,-,-,-,13IF2,,,,,-,-,-,-,-,13IF2,,,,,-,-,-,-,-,13IF2,,
8,16.00 - 16.50,,,,-,-,-,,-,-,13SI1,,,,,-,-,-,-,-,13SI1,,,,,-,-,-,-,-,13SI1,,,,,-,-,-,-,-,13SI1,,,,,-,-,-,,-,13SI1,,
8,16.00 - 16.50,,,,-,-,-,,-,-,13SI2,,,,,-,-,-,,-,13SI2,,,,,-,-,-,-,-,13SI2,,,,,-,-,-,-,-,13SI2,,,,,-,-,-,-,-,13SI2,,
8,16.00 - 16.50,,,,-,-,-,,-,-,13TE1,,,,,-,-,-,,-,13TE1,,,,,-,-,-,-,-,13TE1,,,,,-,-,-,-,-,13TE1,,,,,-,-,-,-,-,13TE1,,
8,16.00 - 16.50,,,,-,-,-,,-,-,13TE2,,,,,-,-,-,-,-,13TE2,,,,,-,-,-,-,-,13TE2,,,,,-,-,-,-,-,13TE2,,,,,-,-,-,,-,13TE2,,
8,16.00 - 16.50,,,,-,-,-,,-,-,13MR1,,,,,-,-,-,,-,13MR1,,,,,-,-,-,-,-,13MR1,,,,,-,-,-,-,-,13MR1,,,,,-,-,-,-,-,13MR1,,
8,16.00 - 16.50,,,,-,-,-,,-,-,13MR2,,,,,-,-,-,,-,13MR2,,,,,-,-,-,-,-,13MR2,,,,,-,-,-,-,-,13MR2,,,,,-,-,-,-,-,13MR2,,
8,16.00 - 16.50,,,,-,-,-,,-,-,13TB,,,,,-,-,-,-,-,13TB,,,,,-,-,-,-,-,13TB,,,,,-,-,-,-,-,13TB,,,,,-,-,-,,-,13TB,,
,,,,,,,,,,,,,,,,,,,,,,,,,,,,,,,,,,,,,,,,,,,,,,,,,,,,,
9,17.00 - 17.50,,,,-,-,-,,-,-,31TI1,,,,,-,-,-,-,-,31TI1,,,,,-,-,-,-,-,31TI1,,,,,-,-,-,-,-,31TI1,,,,,-,-,-,-,-,31TI1,,
9,17.00 - 17.50,,,,-,-,-,,-,-,31TI2,,,,,-,-,-,-,-,31TI2,,,,,-,-,-,-,-,31TI2,,,,,-,-,-,-,-,31TI2,,,,,-,-,-,-,-,31TI2,,
9,17.00 - 17.50,,,,-,-,-,,-,-,31TK1,,,,,-,-,-,-,-,31TK1,,,,,-,-,-,-,-,31TK1,,,,,-,-,-,-,-,31TK1,,,,,-,-,-,-,-,31TK1,,
9,17.00 - 17.50,,,,-,-,-,,-,-,31TK2,,,,,-,-,-,-,-,31TK2,,,,,-,-,-,-,-,31TK2,,,,,-,-,-,-,-,31TK2,,,,,-,-,-,-,-,31TK2,,
9,17.00 - 17.50,,,,-,-,-,,-,-,41TRPL1,,,,,-,-,-,-,-,41TRPL1,,,,,-,-,-,-,-,41TRPL1,,,,,-,-,-,-,-,41TRPL1,,,,,-,-,-,-,-,41TRPL1,,
9,17.00 - 17.50,,,,-,-,-,,-,-,41TRPL2,,,,,-,-,-,-,-,41TRPL2,,,,,-,-,-,-,-,41TRPL2,,,,,-,-,-,-,-,41TRPL2,,,,,-,-,-,-,-,41TRPL2,,
9,17.00 - 17.50,,,,-,-,-,,-,-,11IF1,,,,,-,-,-,-,-,11IF1,,,,,-,-,-,-,-,11IF1,,,,,-,-,-,-,-,11IF1,,,,,-,-,-,-,-,11IF1,,
9,17.00 - 17.50,,,,-,-,-,,-,-,11IF2,,,,,-,-,-,-,-,11IF2,,,,,-,-,-,-,-,11IF2,,,,,-,-,-,-,-,11IF2,,,,,-,-,-,-,-,11IF2,,
9,17.00 - 17.50,,,,-,-,-,,-,-,11SI1,,,,,-,-,-,-,-,11SI1,,,,,-,-,-,-,-,11SI1,,,,,-,-,-,-,-,11SI1,,,,,-,-,-,-,-,11SI1,,
9,17.00 - 17.50,,,,-,-,-,,-,-,11SI2,,,,,-,-,-,-,-,11SI2,,,,,-,-,-,-,-,11SI2,,,,,-,-,-,-,-,11SI2,,,,,-,-,-,-,-,11SI2,,
9,17.00 - 17.50,,,,-,-,-,,-,-,11TE1,,,,,-,-,-,-,-,11TE1,,,,,-,-,-,-,-,11TE1,,,,,-,-,-,-,-,11TE1,,,,,-,-,-,-,-,11TE1,,
9,17.00 - 17.50,,,,-,-,-,,-,-,11TE2,,,,,-,-,-,-,-,11TE2,,,,,-,-,-,-,-,11TE2,,,,,-,-,-,-,-,11TE2,,,,,-,-,-,-,-,11TE2,,
9,17.00 - 17.50,,,,-,-,-,,-,-,11MR1,,,,,-,-,-,-,-,11MR1,,,,,-,-,-,-,-,11MR1,,,,,-,-,-,-,-,11MR1,,,,,-,-,-,-,-,11MR1,,
9,17.00 - 17.50,,,,-,-,-,,-,-,11MR2,,,,,-,-,-,-,-,11MR2,,,,,-,-,-,-,-,11MR2,,,,,-,-,-,-,-,11MR2,,,,,-,-,-,-,-,11MR2,,
9,17.00 - 17.50,,,,-,-,-,,-,-,11TB,,,,,-,-,-,-,-,11TB,,,,,-,-,-,-,-,11TB,,,,,-,-,-,-,-,11TB,,,,,-,-,-,-,-,11TB,,
9,17.00 - 17.50,,,,-,-,-,,-,-,11TM,,,,,-,-,-,-,-,11TM,,,,,-,-,-,-,-,11TM,,,,,-,-,-,-,-,11TM,,,,,-,-,-,-,-,11TM,,
,,,,,,,,,,,,,,,,,,,,,,,,,,,,,,,,,,,,,,,,,,,,,,,,,,,,,
9,17.00 - 17.50,,,,-,-,-,,-,-,32TI1,,,,,-,-,-,-,-,32TI1,,,,,-,-,-,-,-,32TI1,,,,,-,-,-,-,-,32TI1,,,,,-,-,-,-,-,32TI1,,
9,17.00 - 17.50,,,,-,-,-,,-,-,32TI2,,,,,-,-,-,-,-,32TI2,,,,,-,-,-,-,-,32TI2,,,,,-,-,-,-,-,32TI2,,,,,-,-,-,-,-,32TI2,,
9,17.00 - 17.50,,,,-,-,-,,-,-,32TK1,,,,,-,-,-,-,-,32TK1,,,,,-,-,-,-,-,32TK1,,,,,-,-,-,-,-,32TK1,,,,,-,-,-,-,-,32TK1,,
9,17.00 - 17.50,,,,-,-,-,,-,-,32TK2,,,,,-,-,-,-,-,32TK2,,,,,-,-,-,-,-,32TK2,,,,,-,-,-,-,-,32TK2,,,,,-,-,-,-,-,32TK2,,
9,17.00 - 17.50,,,,-,-,-,,-,-,42TRPL1,,,,,-,-,-,-,-,42TRPL1,,,,,-,-,-,-,-,42TRPL1,,,,,-,-,-,-,-,42TRPL1,,,,,-,-,-,-,-,42TRPL1,,
9,17.00 - 17.50,,,,-,-,-,,-,-,42TRPL2,,,,,-,-,-,-,-,42TRPL2,,,,,-,-,-,-,-,42TRPL2,,,,,-,-,-,-,-,42TRPL2,,,,,-,-,-,-,-,42TRPL2,,    
9,17.00 - 17.50,,,,-,-,-,,-,-,12IF1,,,,,-,-,-,-,-,12IF1,,,,,-,-,-,-,-,12IF1,,,,,-,-,-,-,-,12IF1,,,,,-,-,-,-,-,12IF1,,
9,17.00 - 17.50,,,,-,-,-,,-,-,12IF2,,,,,-,-,-,-,-,12IF2,,,,,-,-,-,-,-,12IF2,,,,,-,-,-,-,-,12IF2,,,,,-,-,-,-,-,12IF2,,
9,17.00 - 17.50,,,,-,-,-,,-,-,12SI1,,,,,-,-,-,-,-,12SI1,,,,,-,-,-,-,-,12SI1,,,,,-,-,-,-,-,12SI1,,,,,-,-,-,-,-,12SI1,,
9,17.00 - 17.50,,,,-,-,-,,-,-,12SI2,,,,,-,-,-,-,-,12SI2,,,,,-,-,-,-,-,12SI2,,,,,-,-,-,-,-,12SI2,,,,,-,-,-,-,-,12SI2,,
9,17.00 - 17.50,,,,-,-,-,,-,-,12TE,,,,,-,-,-,-,-,12TE1,,,,,-,-,-,-,-,12TE,,,,,-,-,-,-,-,12TE,,,,,-,-,-,-,-,12TE,,
9,17.00 - 17.50,,,,-,-,-,,-,-,12TE,,,,,-,-,-,-,-,12TE2,,,,,-,-,-,-,-,12TE,,,,,-,-,-,-,-,12TE,,,,,-,-,-,-,-,12TE,,
9,17.00 - 17.50,,,,-,-,-,,-,-,12MR1,,,,,-,-,-,-,-,12MR1,,,,,-,-,-,-,-,12MR1,,,,,-,-,-,-,-,12MR1,,,,,-,-,-,-,-,12MR1,,
9,17.00 - 17.50,,,,-,-,-,,-,-,12MR2,,,,,-,-,-,-,-,12MR2,,,,,-,-,-,-,-,12MR2,,,,,-,-,-,-,-,12MR2,,,,,-,-,-,-,-,12MR2,,
9,17.00 - 17.50,,,,-,-,-,,-,-,12TB,,,,,-,-,-,-,-,12TB,,,,,-,-,-,-,-,12TB,,,,,-,-,-,-,-,12TB,,,,,-,-,-,-,-,12TB,,
,,,,,,,,,,,,,,,,,,,,,,,,,,,,,,,,,,,,,,,,,,,,,,,,,,,,,
9,17.00 - 17.50,,,,-,-,-,,-,-,13IF1,,,,,-,-,-,-,-,13IF1,,,,,-,-,-,-,-,13IF1,,,,,-,-,-,-,-,13IF1,,,,,-,-,-,-,-,13IF1,,
9,17.00 - 17.50,,,,-,-,-,,-,-,13IF2,,,,,-,-,-,-,-,13IF2,,,,,-,-,-,-,-,13IF2,,,,,-,-,-,-,-,13IF2,,,,,-,-,-,-,-,13IF2,,
9,17.00 - 17.50,,,,-,-,-,,-,-,13SI1,,,,,-,-,-,-,-,13SI1,,,,,-,-,-,-,-,13SI1,,,,,-,-,-,-,-,13SI1,,,,,-,-,-,-,-,13SI1,,
9,17.00 - 17.50,,,,-,-,-,,-,-,13SI2,,,,,-,-,-,-,-,13SI2,,,,,-,-,-,-,-,13SI2,,,,,-,-,-,-,-,13SI2,,,,,-,-,-,-,-,13SI2,,
9,17.00 - 17.50,,,,-,-,-,,-,-,13TE1,,,,,-,-,-,-,-,13TE1,,,,,-,-,-,-,-,13TE1,,,,,-,-,-,-,-,13TE1,,,,,-,-,-,-,-,13TE1,,
9,17.00 - 17.50,,,,-,-,-,,-,-,13TE2,,,,,-,-,-,-,-,13TE2,,,,,-,-,-,-,-,13TE2,,,,,-,-,-,-,-,13TE2,,,,,-,-,-,-,-,13TE2,,
9,17.00 - 17.50,,,,-,-,-,,-,-,13MR1,,,,,-,-,-,-,-,13MR1,,,,,-,-,-,-,-,13MR1,,,,,-,-,-,-,-,13MR1,,,,,-,-,-,-,-,13MR1,,
9,17.00 - 17.50,,,,-,-,-,,-,-,13MR2,,,,,-,-,-,-,-,13MR2,,,,,-,-,-,-,-,13MR2,,,,,-,-,-,-,-,13MR2,,,,,-,-,-,-,-,13MR2,,
9,17.00 - 17.50,,,,-,-,-,,-,-,13TB,,,,,-,-,-,-,-,13TB,,,,,-,-,-,-,-,13TB,,,,,-,-,-,-,-,13TB,,,,,-,-,-,-,-,13TB,,
,,,,,,,,,,,,,,,,,,,,,,,,,,,,,,,,,,,,,,,,,,,,,,,,,,,,,
9,17.00 - 17.50,,,,-,-,-,,-,-,44TRPL2,,,,,-,-,-,-,-,44TRPL1,,,,,-,-,-,-,-,44TRPL1,,,,,-,-,-,-,-,44TRPL1,,,,,-,-,-,-,-,44TRPL1,,
9,17.00 - 17.50,,,,-,-,-,,-,-,44TRPL1,,,,,-,-,-,-,-,44TRPL1,,,,,-,-,-,-,-,44TRPL1,,,,,-,-,-,-,-,44TRPL1,,,,,-,-,-,-,-,44TRPL1,,
9,17.00 - 17.50,,,,-,-,-,,-,-,14IF1,,,,,-,-,-,-,-,14IF1,,,,,-,-,-,-,-,14IF1,,,,,-,-,-,-,-,14IF1,,,,,-,-,-,-,-,14IF1,,
9,17.00 - 17.50,,,,-,-,-,,-,-,14IF2,,,,,-,-,-,-,-,14IF2,,,,,-,-,-,-,-,14IF2,,,,,-,-,-,-,-,14IF2,,,,,-,-,-,-,-,14IF2,,
9,17.00 - 17.50,,,,-,-,-,,-,-,14SI1,,,,,-,-,-,-,-,14SI1,,,,,-,-,-,-,-,14SI1,,,,,-,-,-,-,-,14SI1,,,,,-,-,-,-,-,14SI1,,
9,17.00 - 17.50,,,,,-,-,,-,-,14SI2,,,,,-,-,-,-,-,14SI2,,,,,-,-,-,-,-,14SI2,,,,,-,-,-,-,-,14SI2,,,,,-,-,-,-,-,14SI2,,
9,17.00 - 17.50,,,,-,-,-,,-,-,14TE1,,,,,-,-,-,-,-,14TE1,,,,,-,-,-,-,-,14TE1,,,,,-,-,-,-,-,14TE1,,,,,-,-,-,-,-,14TE1,,
9,17.00 - 17.50,,,,-,-,-,,-,-,14TE2,,,,,-,-,-,-,-,14TE2,,,,,-,-,-,-,-,14TE2,,,,,-,-,-,-,-,14TE2,,,,,-,-,-,-,-,14TE2,,
9,17.00 - 17.50,,,,-,-,-,,-,-,14MR1,,,,,-,-,-,-,-,14MR1,,,,,-,-,-,-,-,14MR1,,,,,-,-,-,-,-,14MR1,,,,,-,-,-,-,-,14MR1,,
9,17.00 - 17.50,,,,-,-,-,,-,-,14MR2,,,,,-,-,-,-,-,14MR2,,,,,-,-,-,-,-,14MR2,,,,,-,-,-,-,-,14MR2,,,,,-,-,-,-,-,14MR2,,
9,17.00 - 17.50,,,,-,-,-,,-,-,14TB,,,,,-,-,-,-,-,14TB,,,,,-,-,-,-,-,14TB,,,,,-,-,-,-,-,14TB,,,,,-,-,-,-,-,14TB,,
,,,,,,,,,,,,,,,,,,,,,,,,,,,,,,,,,,,,,,,,,,,,,,,,,,,,,
10,18.00 - 18.50,,,,-,-,-,,-,-,31TI1,,,,,-,-,-,-,-,31TI1,,,,,-,-,-,-,-,31TI1,,,,,-,-,-,-,-,31TI1,,,,,-,-,-,-,-,31TI1,,
10,18.00 - 18.50,,,,-,-,-,,-,-,31TI2,,,,,-,-,-,-,-,31TI2,,,,,-,-,-,-,-,31TI2,,,,,-,-,-,-,-,31TI2,,,,,-,-,-,-,-,31TI2,,
10,18.00 - 18.50,,,,-,-,-,,-,-,31TK,,,,,-,-,-,-,-,31TK,,,,,-,-,-,-,-,31TK,,,,,-,-,-,-,-,31TK,,,,,-,-,-,-,-,31TK,,
10,18.00 - 18.50,,,,-,-,-,,-,-,31TK,,,,,-,-,-,-,-,31TK,,,,,-,-,-,-,-,31TK,,,,,-,-,-,-,-,31TK,,,,,-,-,-,-,-,31TK,,
10,18.00 - 18.50,,,,-,-,-,,-,-,41TRPL1,,,,,-,-,-,-,-,41TRPL1,,,,,-,-,-,-,-,41TRPL1,,,,,-,-,-,-,-,41TRPL1,,,,,-,-,-,-,-,41TRPL1,,
10,18.00 - 18.50,,,,-,-,-,,-,-,41TRPL2,,,,,-,-,-,-,-,41TRPL2,,,,,-,-,-,-,-,41TRPL2,,,,,-,-,-,-,-,41TRPL2,,,,,-,-,-,-,-,41TRPL2,,
10,18.00 - 18.50,,,,-,-,-,,-,-,11IF1,,,,,-,-,-,-,-,11IF1,,,,,-,-,-,-,-,11IF1,,,,,-,-,-,-,-,11IF1,,,,,-,-,-,-,-,11IF1,,
10,18.00 - 18.50,,,,-,-,-,,-,-,11IF2,,,,,-,-,-,-,-,11IF2,,,,,-,-,-,-,-,11IF2,,,,,-,-,-,-,-,11IF2,,,,,-,-,-,-,-,11IF2,,
10,18.00 - 18.50,,,,-,-,-,,-,-,11SI1,,,,,-,-,-,-,-,11SI1,,,,,-,-,-,-,-,11SI1,,,,,-,-,-,-,-,11SI1,,,,,-,-,-,-,-,11SI1,,
10,18.00 - 18.50,,,,-,-,-,,-,-,11SI2,,,,,-,-,-,-,-,11SI2,,,,,-,-,-,-,-,11SI2,,,,,-,-,-,-,-,11SI2,,,,,-,-,-,-,-,11SI2,,
10,18.00 - 18.50,,,,-,-,-,,-,-,11TE,,,,,-,-,-,-,-,11TE,,,,,-,-,-,-,-,11TE,,,,,-,-,-,-,-,11TE,,,,,-,-,-,-,-,11TE,,
10,18.00 - 18.50,,,,-,-,-,,-,-,11MR1,,,,,-,-,-,-,-,11MR1,,,,,-,-,-,-,-,11MR1,,,,,-,-,-,-,-,11MR1,,,,,-,-,-,-,-,11MR1,,
10,18.00 - 18.50,,,,-,-,-,,-,-,11MR2,,,,,-,-,-,-,-,11MR2,,,,,-,-,-,-,-,11MR2,,,,,-,-,-,-,-,11MR2,,,,,-,-,-,-,-,11MR2,,
10,18.00 - 18.50,,,,-,-,-,,-,-,11TB,,,,,-,-,-,-,-,11TB,,,,,-,-,-,-,-,11TB,,,,,-,-,-,-,-,11TB,,,,,-,-,-,-,-,11TB,,
,,,,,,,,,,,,,,,,,,,,,,,,,,,,,,,,,,,,,,,,,,,,,,,,,,,,,
10,18.00 - 18.50,,,,-,-,-,,-,-,32TI1,,,,,-,-,-,-,-,32TI1,,,,,-,-,-,-,-,32TI1,,,,,-,-,-,-,-,32TI1,,,,,-,-,-,-,-,32TI1,,
10,18.00 - 18.50,,,,-,-,-,,-,-,32TI2,,,,,-,-,-,-,-,32TI2,,,,,-,-,-,-,-,32TI2,,,,,-,-,-,-,-,32TI2,,,,,-,-,-,-,-,32TI2,,
10,18.00 - 18.50,,,,-,-,-,,-,-,32TK1,,,,,-,-,-,-,-,32TK1,,,,,-,-,-,-,-,32TK1,,,,,-,-,-,-,-,32TK1,,,,,-,-,-,-,-,32TK1,,
10,18.00 - 18.50,,,,-,-,-,,-,-,32TK2,,,,,-,-,-,-,-,32TK2,,,,,-,-,-,-,-,32TK2,,,,,-,-,-,-,-,32TK2,,,,,-,-,-,-,-,32TK2,,
10,18.00 - 18.50,,,,-,-,-,,-,-,42TRPL1,,,,,,,-,-,-,42TRPL1,,,,,-,-,-,-,-,42TRPL1,,,,,-,-,-,-,-,42TRPL1,,,,,-,-,-,-,-,42TRPL1,,
10,18.00 - 18.50,,,,-,-,-,,-,-,42TRPL2,,,,,,,-,-,-,42TRPL2,,,,,-,-,-,-,-,42TRPL2,,,,,-,-,-,-,-,42TRPL2,,,,,-,-,-,-,-,42TRPL2,,
10,18.00 - 18.50,,,,-,-,-,,-,-,42TRPL3,,,,,-,-,-,-,-,42TRPL3,,,,,-,-,-,-,-,42TRPL3,,,,,-,-,-,-,-,42TRPL3,,,,,-,-,-,-,-,42TRPL3,,
10,18.00 - 18.50,,,,-,-,-,,-,-,12IF1,,,,,-,-,-,-,-,12IF1,,,,,-,-,-,-,-,12IF1,,,,,-,-,-,-,-,12IF1,,,,,-,-,-,-,-,12IF1,,
10,18.00 - 18.50,,,,-,-,-,,-,-,12IF2,,,,,-,-,-,-,-,12IF2,,,,,-,-,-,-,-,12IF2,,,,,-,-,-,-,-,12IF2,,,,,-,-,-,-,-,12IF2,,
10,18.00 - 18.50,,,,-,-,-,,-,-,12SI1,,,,,-,-,-,-,-,12SI1,,,,,-,-,-,-,-,12SI1,,,,,-,-,-,-,-,12SI1,,,,,-,-,-,-,-,12SI1,,
10,18.00 - 18.50,,,,-,-,-,,-,-,12SI2,,,,,-,-,-,-,-,12SI2,,,,,-,-,-,-,-,12SI2,,,,,-,-,-,-,-,12SI2,,,,,-,-,-,-,-,12SI2,,
10,18.00 - 18.50,,,,-,-,-,,-,-,12TE,,,,,-,-,-,-,-,12TE,,,,,-,-,-,-,-,12TE,,,,,-,-,-,-,-,12TE,,,,,-,-,-,-,-,12TE,,
10,18.00 - 18.50,,,,-,-,-,,-,-,12MR1,,,,,-,-,-,-,-,12MR1,,,,,-,-,-,-,-,12MR1,,,,,-,-,-,-,-,12MR1,,,,,-,-,-,-,-,12MR1,,
10,18.00 - 18.50,,,,-,-,-,,-,-,12MR2,,,,,-,-,-,-,-,12MR2,,,,,-,-,-,-,-,12MR2,,,,,-,-,-,-,-,12MR2,,,,,-,-,-,-,-,12MR2,,
10,18.00 - 18.50,,,,-,-,-,,-,-,12TB,,,,,-,-,-,-,-,12TB,,,,,-,-,-,-,-,12TB,,,,,-,-,-,-,-,12TB,,,,,-,-,-,-,-,12TB,,
10,18.00 - 18.50,,,,-,-,-,,-,-,13IF1,,,,,-,-,-,-,-,13IF1,,,,,-,-,-,-,-,13IF1,,,,,-,-,-,-,-,13IF1,,,,,-,-,-,-,-,13IF1,,
10,18.00 - 18.50,,,,-,-,-,,-,-,13IF2,,,,,-,-,-,-,-,13IF2,,,,,-,-,-,-,-,13IF2,,,,,-,-,-,-,-,13IF2,,,,,-,-,-,-,-,13IF2,,
10,18.00 - 18.50,,,,-,-,-,,-,-,13SI1,,,,,-,-,-,-,-,13SI1,,,,,-,-,-,-,-,13SI1,,,,,-,-,-,-,-,13SI1,,,,,-,-,-,-,-,13SI1,,
10,18.00 - 18.50,,,,-,-,-,,-,-,13SI2,,,,,-,-,-,-,-,13SI2,,,,,-,-,-,-,-,13SI2,,,,,-,-,-,-,-,13SI2,,,,,-,-,-,-,-,13SI2,,
10,18.00 - 18.50,,,,-,-,-,,-,-,13TE1,,,,,-,-,-,-,-,13TE1,,,,,-,-,-,-,-,13TE1,,,,,-,-,-,-,-,13TE1,,,,,-,-,-,-,-,13TE1,,
10,18.00 - 18.50,,,,-,-,-,,-,-,13TE2,,,,,-,-,-,-,-,13TE2,,,,,-,-,-,-,-,13TE2,,,,,-,-,-,-,-,13TE2,,,,,-,-,-,-,-,13TE2,,
10,18.00 - 18.50,,,,-,-,-,,-,-,13MR1,,,,,-,-,-,-,-,13MR1,,,,,-,-,-,-,-,13MR1,,,,,-,-,-,-,-,13MR1,,,,,-,-,-,-,-,13MR1,,
10,18.00 - 18.50,,,,-,-,-,,-,-,13MR2,,,,,-,-,-,-,-,13MR2,,,,,-,-,-,-,-,13MR2,,,,,-,-,-,-,-,13MR2,,,,,-,-,-,-,-,13MR2,,
10,18.00 - 18.50,,,,-,-,-,,-,-,13TB,,,,,-,-,-,-,-,13TB,,,,,-,-,-,-,-,13TB,,,,,-,-,-,-,-,13TB,,,,,-,-,-,-,-,13TB,,
,,,,,-,-,-,,-,-,44TRPL2,,,,,-,-,-,-,-,44TRPL2,,,,,-,-,-,-,-,44TRPL2,,,,,-,-,-,-,-,44TRPL2,,,,,-,-,-,-,-,44TRPL2,,
10,18.00 - 18.50,,,,-,-,-,,-,-,44TRPL1,,,,,-,-,-,-,-,44TRPL1,,,,,-,-,-,-,-,44TRPL1,,,,,-,-,-,-,-,44TRPL1,,,,,-,-,-,-,-,44TRPL1,,
10,18.00 - 18.50,,,,-,-,-,,-,-,14IF1,,,,,-,-,-,-,-,14IF1,,,,,-,-,-,-,-,14IF1,,,,,-,-,-,-,-,14IF1,,,,,-,-,-,-,-,14IF1,,
10,18.00 - 18.50,,,,-,-,-,,-,-,14IF2,,,,,-,-,-,-,-,14IF2,,,,,-,-,-,-,-,14IF2,,,,,-,-,-,-,-,14IF2,,,,,-,-,-,-,-,14IF2,,
10,18.00 - 18.50,,,,-,-,-,,-,-,14SI1,,,,,-,-,-,-,-,14SI1,,,,,-,-,-,-,-,14SI1,,,,,-,-,-,-,-,14SI1,,,,,-,-,-,-,-,14SI1,,
10,18.00 - 18.50,,,,-,-,-,,-,-,14SI2,,,,,-,-,-,-,-,14SI2,,,,,-,-,-,-,-,14SI2,,,,,-,-,-,-,-,14SI2,,,,,-,-,-,-,-,14SI2,,
10,18.00 - 18.50,,,,-,-,-,,-,-,14TE1,,,,,-,-,-,-,-,14TE1,,,,,-,-,-,-,-,14TE1,,,,,-,-,-,-,-,14TE1,,,,,-,-,-,-,-,14TE1,,
10,18.00 - 18.50,,,,-,-,-,,-,-,14TE2,,,,,-,-,-,-,-,14TE2,,,,,-,-,-,-,-,14TE2,,,,,-,-,-,-,-,14TE2,,,,,-,-,-,-,-,14TE2,,
10,18.00 - 18.50,,,,-,-,-,,-,-,14MR1,,,,,-,-,-,-,-,14MR1,,,,,-,-,-,-,-,14MR1,,,,,-,-,-,-,-,14MR1,,,,,-,-,-,-,-,14MR1,,
10,18.00 - 18.50,,,,-,-,-,,-,-,14MR2,,,,,-,-,-,-,-,14MR2,,,,,-,-,-,-,-,14MR2,,,,,-,-,-,-,-,14MR2,,,,,-,-,-,-,-,14MR2,,
10,18.00 - 18.50,,,,-,-,-,,-,-,14TB,,,,,-,-,-,-,-,14TB,,,,,,,-,-,-,14TB,,,,,-,-,-,-,-,14TB,,,,,-,-,-,-,-,14TB,,
,,,,,,,,,,,,,,,,,,,,,,,,,,,,,,,,,,,,,,,,,,,,,,,,,,,,,
11,20.00 - 20.50,,,,-,-,-,,-,-,31TI1,,,,,-,-,-,-,-,31TI1,,,,,-,-,-,-,-,31TI1,,,,,-,-,-,-,-,31TI1,,,,,-,-,-,-,-,31TI1,,
11,20.00 - 20.50,,,,-,-,-,,-,-,31TI2,,,,,-,-,-,-,-,31TI2,,,,,-,-,-,-,-,31TI2,,,,,-,-,-,-,-,31TI2,,,,,-,-,-,-,-,31TI2,,
11,20.00 - 20.50,,,,-,-,-,,-,-,31TK,,,,,-,-,-,-,-,31TK,,,,,-,-,-,-,-,31TK,,,,,-,-,-,-,-,31TK,,,,,-,-,-,-,-,31TK,,
11,20.00 - 20.50,,,,-,-,-,,-,-,31TK,,,,,-,-,-,-,-,31TK,,,,,-,-,-,-,-,31TK,,,,,-,-,-,-,-,31TK,,,,,-,-,-,-,-,31TK,,
11,20.00 - 20.50,,,,-,-,-,,-,-,41TRPL1,,,,,-,-,-,-,-,41TRPL1,,,,,-,-,-,-,-,41TRPL1,,,,,-,-,-,-,-,41TRPL1,,,,,-,-,-,-,-,41TRPL1,,
11,20.00 - 20.50,,,,-,-,-,,-,-,41TRPL2,,,,,-,-,-,-,-,41TRPL2,,,,,-,-,-,-,-,41TRPL2,,,,,-,-,-,-,-,41TRPL2,,,,,-,-,-,-,-,41TRPL2,,
11,20.00 - 20.50,,,,-,-,-,,-,-,11IF1,,,,,-,-,-,-,-,11IF1,,,,,-,-,-,-,-,11IF1,,,,,-,-,-,-,-,11IF1,,,,,-,-,-,-,-,11IF1,,
11,20.00 - 20.50,,,,-,-,-,,-,-,11IF2,,,,,-,-,-,-,-,11IF2,,,,,-,-,-,-,-,11IF2,,,,,-,-,-,-,-,11IF2,,,,,-,-,-,-,-,11IF2,,
11,20.00 - 20.50,,,,-,-,-,,-,-,11SI1,,,,,-,-,-,-,-,11SI1,,,,,-,-,-,-,-,11SI1,,,,,-,-,-,-,-,11SI1,,,,,-,-,-,-,-,11SI1,,
11,20.00 - 20.50,,,,-,-,-,,-,-,11SI2,,,,,-,-,-,-,-,11SI2,,,,,-,-,-,-,-,11SI2,,,,,-,-,-,-,-,11SI2,,,,,-,-,-,-,-,11SI2,,
11,20.00 - 20.50,,,,-,-,-,,-,-,11TE,,,,,-,-,-,-,-,11TE,,,,,-,-,-,-,-,11TE,,,,,-,-,-,-,-,11TE,,,,,-,-,-,-,-,11TE,,
11,20.00 - 20.50,,,,-,-,-,,-,-,11MR1,,,,,-,-,-,-,-,11MR1,,,,,-,-,-,-,-,11MR1,,,,,-,-,-,-,-,11MR1,,,,,-,-,-,-,-,11MR1,,
11,20.00 - 20.50,,,,-,-,-,,-,-,11MR2,,,,,-,-,-,-,-,11MR2,,,,,-,-,-,-,-,11MR2,,,,,-,-,-,-,-,11MR2,,,,,-,-,-,-,-,11MR2,,
11,20.00 - 20.50,,,,-,-,-,,-,-,11TB,,,,,-,-,-,-,-,11TB,,,,,-,-,-,-,-,11TB,,,,,-,-,-,-,-,11TB,,,,,-,-,-,-,-,11TB,,
11,20.00 - 20.50,,,,,,,,,,,,,,,,,,,,,,,,,,,,,,,,,,,,,,,,,,,,,,,,,,,,
11,20.00 - 20.50,,,,-,-,-,,-,-,32TI1,,,,,-,-,-,-,-,32TI1,,,,,-,-,-,-,-,32TI1,,,,,-,-,-,-,-,32TI1,,,,,-,-,-,-,-,32TI1,,
11,20.00 - 20.50,,,,-,-,-,,-,-,32TI2,,,,,-,-,-,-,-,32TI2,,,,,-,-,-,-,-,32TI2,,,,,-,-,-,-,-,32TI2,,,,,-,-,-,-,-,32TI2,,
11,20.00 - 20.50,,,,-,-,-,,-,-,32TK1,,,,,-,-,-,-,-,32TK1,,,,,-,-,-,-,-,32TK1,,,,,-,-,-,-,-,32TK1,,,,,-,-,-,-,-,32TK1,,
11,20.00 - 20.50,,,,-,-,-,,-,-,32TK2,,,,,-,-,-,-,-,32TK2,,,,,-,-,-,-,-,32TK2,,,,,-,-,-,-,-,32TK2,,,,,-,-,-,-,-,32TK2,,
11,20.00 - 20.50,,,,-,-,-,,-,-,42TRPL1,,,,,-,-,-,-,-,42TRPL1,,,,,-,-,-,-,-,42TRPL1,,,,,-,-,-,-,-,42TRPL1,,,,,-,-,-,-,-,42TRPL1,,
11,20.00 - 20.50,,,,-,-,-,,-,-,42TRPL2,,,,,-,-,-,-,-,42TRPL2,,,,,-,-,-,-,-,42TRPL2,,,,,-,-,-,-,-,42TRPL2,,,,,-,-,-,-,-,42TRPL2,,
11,20.00 - 20.50,,,,-,-,-,,-,-,42TRPL3,,,,,-,-,-,-,-,42TRPL3,,,,,-,-,-,-,-,42TRPL3,,,,,-,-,-,-,-,42TRPL3,,,,,-,-,-,-,-,42TRPL3,,
11,20.00 - 20.50,,,,-,-,-,,-,-,12IF1,,,,,-,-,-,-,-,12IF1,,,,,-,-,-,-,-,12IF1,,,,,-,-,-,-,-,12IF1,,,,,-,-,-,-,-,12IF1,,
11,20.00 - 20.50,,,,-,-,-,,-,-,12IF2,,,,,-,-,-,-,-,12IF2,,,,,-,-,-,-,-,12IF2,,,,,-,-,-,-,-,12IF2,,,,,-,-,-,-,-,12IF2,,
11,20.00 - 20.50,,,,-,-,-,,-,-,12SI1,,,,,-,-,-,-,-,12SI1,,,,,-,-,-,-,-,12SI1,,,,,-,-,-,-,-,12SI1,,,,,-,-,-,-,-,12SI1,,
11,20.00 - 20.50,,,,-,-,-,,-,-,12SI2,,,,,-,-,-,-,-,12SI2,,,,,-,-,-,-,-,12SI2,,,,,-,-,-,-,-,12SI2,,,,,-,-,-,-,-,12SI2,,
11,20.00 - 20.50,,,,-,-,-,,-,-,12TE,,,,,-,-,-,-,-,12TE,,,,,-,-,-,-,-,12TE,,,,,-,-,-,-,-,12TE,,,,,-,-,-,-,-,12TE,,
11,20.00 - 20.50,,,,-,-,-,,-,-,12MR1,,,,,-,-,-,-,-,12MR1,,,,,-,-,-,-,-,12MR1,,,,,-,-,-,-,-,12MR1,,,,,-,-,-,-,-,12MR1,,
11,20.00 - 20.50,,,,-,-,-,,-,-,12MR2,,,,,-,-,-,-,-,12MR2,,,,,-,-,-,-,-,12MR2,,,,,-,-,-,-,-,12MR2,,,,,-,-,-,-,-,12MR2,,
11,20.00 - 20.50,,,,-,-,-,,-,-,12TB,,,,,-,-,-,-,-,12TB,,,,,-,-,-,-,-,12TB,,,,,-,-,-,-,-,12TB,,,,,-,-,-,-,-,12TB,,
11,20.00 - 20.50,,,,-,-,-,,-,-,13IF1,,,,,-,-,-,-,-,13IF1,,,,,-,-,-,-,-,13IF1,,,,,-,-,-,-,-,13IF1,,,,,-,-,-,-,-,13IF1,,
11,20.00 - 20.50,,,,-,-,-,,-,-,13IF2,,,,,-,-,-,-,-,13IF2,,,,,-,-,-,-,-,13IF2,,,,,-,-,-,-,-,13IF2,,,,,-,-,-,-,-,13IF2,,
11,20.00 - 20.50,,,,-,-,-,,-,-,13SI1,,,,,-,-,-,-,-,13SI1,,,,,-,-,-,-,-,13SI1,,,,,-,-,-,-,-,13SI1,,,,,-,-,-,-,-,13SI1,,
11,20.00 - 20.50,,,,-,-,-,,-,-,13SI2,,,,,-,-,-,-,-,13SI2,,,,,-,-,-,-,-,13SI2,,,,,-,-,-,-,-,13SI2,,,,,-,-,-,-,-,13SI2,,
11,20.00 - 20.50,,,,-,-,-,,-,-,13TE1,,,,,-,-,-,-,-,13TE1,,,,,-,-,-,-,-,13TE1,,,,,-,-,-,-,-,13TE1,,,,,-,-,-,-,-,13TE1,,
11,20.00 - 20.50,,,,-,-,-,,-,-,13TE2,,,,,-,-,-,-,-,13TE2,,,,,-,-,-,-,-,13TE2,,,,,-,-,-,-,-,13TE2,,,,,-,-,-,-,-,13TE2,,
11,20.00 - 20.50,,,,-,-,-,,-,-,13MR1,,,,,-,-,-,-,-,13MR1,,,,,-,-,-,-,-,13MR1,,,,,-,-,-,-,-,13MR1,,,,,-,-,-,-,-,13MR1,,
11,20.00 - 20.50,,,,-,-,-,,-,-,13MR2,,,,,-,-,-,-,-,13MR2,,,,,-,-,-,-,-,13MR2,,,,,-,-,-,-,-,13MR2,,,,,-,-,-,-,-,13MR2,,
11,20.00 - 20.50,,,,-,-,-,,-,-,13TB,,,,,-,-,-,-,-,13TB,,,,,-,-,-,-,-,13TB,,,,,-,-,-,-,-,13TB,,,,,-,-,-,-,-,13TB,,
,,,,,-,-,-,,-,-,44TRPL2,,,,,-,-,-,-,-,44TRPL1,,,,,-,-,-,-,-,44TRPL1,,,,,-,-,-,-,-,44TRPL1,,,,,-,-,-,-,-,44TRPL1,,
,,,,,-,-,-,,-,-,44TRPL1,,,,,-,-,-,-,-,44TRPL2,,,,,-,-,-,-,-,44TRPL2,,,,,-,-,-,-,-,44TRPL2,,,,,-,-,-,-,-,44TRPL2,,
11,20.00 - 20.50,,,,-,-,-,,-,-,44TRPL2,,,,,-,-,-,-,-,44TRPL2,,,,,-,-,-,-,-,44TRPL2,,,,,-,-,-,-,-,44TRPL2,,,,,-,-,-,-,-,44TRPL2,,
11,20.00 - 20.50,,,,-,-,-,,-,-,14IF1,,,,,-,-,-,-,-,14IF1,,,,,-,-,-,-,-,14IF1,,,,,-,-,-,-,-,14IF1,,,,,-,-,-,-,-,14IF1,,
11,20.00 - 20.50,,,,-,-,-,,-,-,14IF2,,,,,-,-,-,-,-,14IF2,,,,,-,-,-,-,-,14IF2,,,,,-,-,-,-,-,14IF2,,,,,-,-,-,-,-,14IF2,,
11,20.00 - 20.50,,,,-,-,-,,-,-,14SI1,,,,,-,-,-,-,-,14SI1,,,,,-,-,-,-,-,14SI1,,,,,-,-,-,-,-,14SI1,,,,,-,-,-,-,-,14SI1,,
11,20.00 - 20.50,,,,-,-,-,,-,-,14SI2,,,,,-,-,-,-,-,14SI2,,,,,-,-,-,-,-,14SI2,,,,,-,-,-,-,-,14SI2,,,,,-,-,-,-,-,14SI2,,
11,20.00 - 20.50,,,,-,-,-,,-,-,14TE1,,,,,-,-,-,-,-,14TE1,,,,,-,-,-,-,-,14TE1,,,,,-,-,-,-,-,14TE1,,,,,-,-,-,-,-,14TE1,,
11,20.00 - 20.50,,,,-,-,-,,-,-,14TE2,,,,,-,-,-,-,-,14TE2,,,,,-,-,-,-,-,14TE2,,,,,-,-,-,-,-,14TE2,,,,,-,-,-,-,-,14TE2,,
11,20.00 - 20.50,,,,-,-,-,,-,-,14MR1,,,,,-,-,-,-,-,14MR1,,,,,-,-,-,-,-,14MR1,,,,,-,-,-,-,-,14MR1,,,,,-,-,-,-,-,14MR1,,
11,20.00 - 20.50,,,,-,-,-,,-,-,14MR2,,,,,-,-,-,-,-,14MR2,,,,,-,-,-,-,-,14MR2,,,,,-,-,-,-,-,14MR2,,,,,-,-,-,-,-,14MR2,,
11,20.00 - 20.51,,,,-,-,-,,-,-,14TB,,,,,-,-,-,-,-,14TB,,,,,-,-,-,-,-,14TB,,,,,-,-,-,-,-,14TB,,,,,-,-,-,-,-,14TB,,
,,,,,,,,,,,,,,,,,,,,,,,,,,,,,,,,,,,,,,,,-,,,,,,,,,,,,,
,,,,,,,,,,,,,,,,,,,,,,,,,,,,,,,,,,,,,,,,,,,,,,,,,,,,,
,,,,,,,,,,,,,,,,,,,,,,,,,,,,,,,Keterangan :,,,,,,,,,,,,,,,,,,,,,,
,,Catt :,,,,,,,,,,,,,,,,,,,,,,,,,,,,,T,,,,,,,,,,,,,,,,,,,,,,
,,RKM  ,Ruangan Kolaboratif Malam,,,,,,,,,,,,,,,,,,,,,,,,,,,,,,,,,,,,,,,,,,,,,,,,,,
,,PM'     ,Praktikum Mandiri,,,,,,,,,,,,,,,,,,,,,,,,,,,,,,,,,,,,,,,,,,,,,,,,,,
,,P,Praktikum,,,,,,,,,,,,,,,,,,,,,,,,,,,,,,,,,,,,,,,,,,,,,,,,,,
,,T,Teori,,,,,,,,,,,,,,,,,,,,,,,,,,,,,,,,,,,,,,,,,,,,,,,,,,